Date,return,cluster
2017-06-01,-0.001422337250130143,0
2017-06-02,-0.001310162521968148,0
2017-06-05,0.009972212161355753,0
2017-06-06,0.025701155714878802,0
2017-06-07,-0.002775944927345605,0
2017-06-08,0.007305155842033356,0
2017-06-09,-0.01572187894402705,0
2017-06-12,-0.0017275750200944485,0
2017-06-13,0.010627739779618077,0
2017-06-14,-0.01778655150460106,0
2017-06-15,-0.018184321225771655,0
2017-06-16,-0.004631587310936724,0
2017-06-19,0.015543857100980637,0
2017-06-20,0.005800575131805568,0
2017-06-21,0.021400983322191192,0
2017-06-22,0.0031666501274133767,0
2017-06-23,-0.009251185474907414,0
2017-06-26,0.006622582945357468,0
2017-06-27,-0.018948276201441686,0
2017-06-28,0.006276219521861094,0
2017-06-29,-0.010807697604114094,0
2017-06-30,-0.007539458726824655,0
2017-07-03,0.006043882129916134,0
2017-07-05,0.00699653949169554,0
2017-07-06,-0.0069975611898201555,0
2017-07-07,0.0026481384020868885,0
2017-07-10,-0.001498408289739579,0
2017-07-11,-7.542384833339249e-05,0
2017-07-12,0.003008004449813969,0
2017-07-13,0.0009543007803462971,0
2017-07-14,0.003485642342450054,0
2017-07-17,-0.0026597021042406425,0
2017-07-18,0.005602382965998437,0
2017-07-19,0.006574635020985171,0
2017-07-20,0.005356815447874511,0
2017-07-21,-0.0012432891203747948,0
2017-07-24,-0.00590179746538701,0
2017-07-25,0.0005778262141646132,0
2017-07-26,0.008729784113514343,0
2017-07-27,0.002839162544684336,0
2017-07-28,0.004264816253316797,0
2017-07-31,0.00618728828422273,0
2017-08-01,-0.0023998721938209137,0
2017-08-02,-0.0010465143104012222,0
2017-08-03,-0.0034065658979101046,0
2017-08-04,0.00043169779273742685,0
2017-08-07,0.004358236633400579,0
2017-08-08,-0.0014718708140956755,0
2017-08-09,-0.0017448001932741095,0
2017-08-10,-0.01210189753410405,0
2017-08-11,0.00021112616880013116,0
2017-08-14,0.00949472065745207,0
2017-08-15,0.0016839356012406442,0
2017-08-16,-2.4522158528747767e-05,0
2017-08-17,-0.013981345838552279,0
2017-08-18,-0.000519275482990152,0
2017-08-21,0.0021838952678188616,0
2017-08-22,0.011511950339204352,0
2017-08-23,-0.005037490610004903,0
2017-08-24,0.0018587327229801552,0
2017-08-25,-0.0030612014848705013,0
2017-08-28,0.004646701305680005,0
2017-08-29,0.00454752821712655,0
2017-08-30,0.008177320783828879,0
2017-08-31,0.00703567825334942,0
2017-09-01,-0.0019005162306135982,0
2017-09-05,-0.015215032021690278,0
2017-09-06,0.006262410407926248,0
2017-09-07,-0.0009665393288030592,0
2017-09-08,-0.005736441974698972,0
2017-09-11,0.016364124616606895,0
2017-09-12,0.00281899315552538,0
2017-09-13,0.00046478855334525996,0
2017-09-14,0.0065659992104125245,0
2017-09-15,0.004229674547385308,0
2017-09-18,0.010058430499677662,0
2017-09-19,0.004070677704834253,0
2017-09-20,-0.005366471770167213,0
2017-09-21,-0.004304122851625581,0
2017-09-22,-0.0024613114310459067,0
2017-09-25,-0.00418532874978732,0
2017-09-26,-0.002923705896875471,0
2017-09-27,0.0016610356886155022,0
2017-09-28,-0.00031830941773763985,0
2017-09-29,0.0029578996004746704,0
2017-10-02,0.014478089108210218,0
2017-10-03,0.0026942730739226645,0
2017-10-04,0.002024748553638556,0
2017-10-05,-0.002395013717812011,0
2017-10-06,-0.0034363319452369173,0
2017-10-09,-0.004651209065564442,0
2017-10-10,-0.001167822626313035,0
2017-10-11,-0.0008264057071650374,0
2017-10-12,-0.007163187919146965,0
2017-10-13,0.0019301675536917283,0
2017-10-16,-0.0022297427927614136,0
2017-10-17,0.020439541633618528,0
2017-10-18,0.001177982782727122,0
2017-10-19,0.00032802998826824813,0
2017-10-20,-0.0046632798187400525,0
2017-10-23,-0.008370194670229201,0
2017-10-24,0.0003861244878597141,0
2017-10-25,-0.0018964570063399935,0
2017-10-26,-0.004065047912525125,0
2017-10-27,0.002045388534777712,0
2017-10-30,-0.011948010974634687,0
2017-10-31,-0.0012320428068504845,0
2017-11-01,0.003867309866434562,0
2017-11-02,0.0029051674803309852,0
2017-11-03,-0.00044065766272707564,0
2017-11-06,0.005717562237884145,0
2017-11-07,-0.0014678625424644055,0
2017-11-08,0.0002975406362018139,0
2017-11-09,-0.0027196813210806094,0
2017-11-10,-0.001523539743177802,0
2017-11-13,0.007047579344619846,0
2017-11-14,-0.0030921935112771587,0
2017-11-15,-0.004420929549235312,0
2017-11-16,0.01344238695827905,0
2017-11-17,-0.006089727749492054,0
2017-11-20,0.006017761386720571,0
2017-11-21,0.00846466656564978,0
2017-11-22,-0.006098839516326375,0
2017-11-24,0.004897145299328921,0
2017-11-27,-0.004190661821451322,0
2017-11-28,0.011249237063361471,0
2017-11-29,-0.00859494094949603,0
2017-11-30,0.015606981248026928,0
2017-12-01,0.0051218020497261745,0
2017-12-04,0.015547599277391919,0
2017-12-05,-0.005529463430393617,0
2017-12-06,-0.005486493528608712,0
2017-12-07,-0.0011823314380465738,0
2017-12-08,0.00390760500713507,0
2017-12-11,0.0015170687190637622,0
2017-12-12,0.009067918641287975,0
2017-12-13,-0.010184190059540977,0
2017-12-14,-0.008348053300290871,0
2017-12-15,0.007832671033235934,0
2017-12-18,0.00941572470808012,0
2017-12-19,-0.009252771858509626,0
2017-12-20,-0.0005802719314636909,0
2017-12-21,0.009235609580366847,0
2017-12-22,-0.00468388932350854,0
2017-12-26,-0.00458096655677688,0
2017-12-27,0.004122731801100014,0
2017-12-28,0.0037004168384276604,0
2017-12-29,-0.007528440224974597,0
2018-01-02,0.027052375403096685,0
2018-01-03,0.02208158159649698,0
2018-01-04,-0.009270048850936408,0
2018-01-05,0.009013663343593548,0
2018-01-08,0.01550279686878464,0
2018-01-09,0.0072794385432726205,0
2018-01-10,0.004085093151264818,0
2018-01-11,0.01078003369188818,0
2018-01-12,0.013892587328163897,0
2018-01-16,3.6454407077446405e-05,0
2018-01-17,0.01585329584045314,0
2018-01-18,-0.011892921054516892,0
2018-01-19,-0.008563874383443082,0
2018-01-22,0.0029107441772033837,0
2018-01-23,0.024621915931704264,0
2018-01-24,-0.003922674107484148,0
2018-01-25,-0.0028487575816865673,0
2018-01-26,0.00041547028020327836,0
2018-01-29,-0.010894795795496348,0
2018-01-30,-0.003991152236919482,0
2018-01-31,-0.004933550875397152,0
2018-02-01,-0.005877532449769183,0
2018-02-02,-0.02235307844218865,0
2018-02-05,-0.04176422479691671,0
2018-02-06,0.02279769440050374,0
2018-02-07,0.009961244043491631,0
2018-02-08,-0.042294212970254985,0
2018-02-09,0.018974688424478005,0
2018-02-12,0.007064542894448999,0
2018-02-13,0.0016504889395125475,0
2018-02-14,0.016413321313334474,0
2018-02-15,0.007217491895762371,0
2018-02-16,0.006179637006578572,0
2018-02-20,-0.012094890723177754,0
2018-02-21,-0.004379636986201136,0
2018-02-22,0.004247227840547932,0
2018-02-23,0.017318511803596986,0
2018-02-26,0.010680476960852283,0
2018-02-27,-0.012754225967519864,0
2018-02-28,-0.01376297294943459,0
2018-03-01,-0.02793318895200759,0
2018-03-02,-0.021007760019321142,0
2018-03-05,0.02826720834737922,0
2018-03-06,0.014239725627359796,0
2018-03-07,-0.012208301894723467,0
2018-03-08,0.011875641216839726,0
2018-03-09,0.030536231600376412,0
2018-03-12,-0.019917929145477502,0
2018-03-13,-0.006796852561894341,0
2018-03-14,-0.008915020035085063,0
2018-03-15,0.011016779792076603,0
2018-03-16,0.009860457641895616,0
2018-03-19,-0.024743974949071844,0
2018-03-20,0.01087408024883096,0
2018-03-21,0.00983729506796375,0
2018-03-22,-0.05373579693595907,0
2018-03-23,-0.020135901173909954,0
2018-03-26,0.03345017016949642,0
2018-03-27,-0.015543862510605156,0
2018-03-28,-0.010006128176442364,0
2018-03-29,0.012477129567652557,0
2018-04-02,-0.027185334569545798,0
2018-04-03,0.021223802092708,0
2018-04-04,0.003554470965090719,0
2018-04-05,0.012326617141528887,0
2018-04-06,-0.027248033334637677,0
2018-04-09,-0.006693245198742462,0
2018-04-10,0.03741606304841957,0
2018-04-11,-0.009937233837003907,0
2018-04-12,0.027054586666331336,0
2018-04-13,-0.014412274653083743,0
2018-04-16,0.001545395668388967,0
2018-04-17,0.029855369991723803,0
2018-04-18,0.011073491286377945,0
2018-04-19,-0.00810324137376089,0
2018-04-20,-0.008657753269134665,0
2018-04-23,-0.008392322591223576,0
2018-04-24,-0.03095210181778403,0
2018-04-25,0.026302890222102766,0
2018-04-26,0.015326758052731853,0
2018-04-27,-0.009815937393356986,0
2018-04-30,-0.017660112754302747,0
2018-05-01,0.0004067024704968898,0
2018-05-02,-0.0013354351944302799,0
2018-05-03,0.012393033853581764,0
2018-05-04,0.009811747617235102,0
2018-05-07,0.010544450309251018,0
2018-05-08,-0.0015475937797866071,0
2018-05-09,0.010235271501333307,0
2018-05-10,0.00839693672949416,0
2018-05-11,-0.00013118933489267423,0
2018-05-14,0.003508877147473893,0
2018-05-15,-0.006018573098973154,0
2018-05-16,-0.00023464675750521,0
2018-05-17,0.002915255730160674,0
2018-05-18,0.010563309310152428,0
2018-05-21,0.022202998355954833,0
2018-05-22,-0.013374154395308313,0
2018-05-23,0.008088317075966474,0
2018-05-24,-0.0038217085055593965,0
2018-05-25,-0.0001382620062988551,0
2018-05-29,-0.015940360270784992,0
2018-05-30,0.015162192778674937,0
2018-05-31,-0.01499292853195138,0
2018-06-01,0.010598452351609085,0
2018-06-04,-0.006643937745630024,0
2018-06-05,0.0033440373087060037,0
2018-06-06,0.022874096491270094,0
2018-06-07,-0.0014054220724035143,0
2018-06-08,-0.006206227826833859,0
2018-06-11,0.006309505841046937,0
2018-06-12,0.007613222946448853,0
2018-06-13,-0.017651566098566978,0
2018-06-14,-0.010148295296936569,0
2018-06-15,-0.02037327461638568,0
2018-06-18,-0.008932034344127988,0
2018-06-19,-0.036185248986148805,0
2018-06-20,-0.0011857753835281609,0
2018-06-21,-0.025151905198855146,0
2018-06-22,0.0029382179248470595,0
2018-06-25,-0.02401012203042532,0
2018-06-26,-0.007614694322011704,0
2018-06-27,-0.006861310264490352,0
2018-06-28,0.010548638822768054,0
2018-06-29,-0.0026460263753548536,0
2018-07-02,0.003812937763993823,0
2018-07-03,-0.007403495812025858,0
2018-07-05,0.00845797630057249,0
2018-07-06,0.005861716708168541,0
2018-07-09,0.012624237485091368,0
2018-07-10,0.006818665448422446,0
2018-07-11,-0.0028453669681361843,0
2018-07-12,0.01799957907724707,0
2018-07-13,0.004261127916518568,0
2018-07-16,-0.0010300643575224529,0
2018-07-17,0.004774721632342377,0
2018-07-18,0.009985609272514927,0
2018-07-19,-0.011462314850970809,0
2018-07-20,0.0005338174474670765,0
2018-07-23,0.0016765710586842068,0
2018-07-24,0.007691159192271438,0
2018-07-25,0.009913370792609231,0
2018-07-26,-0.00926758044294967,0
2018-07-27,-0.011645646470386942,0
2018-07-30,-0.027197298838793346,0
2018-07-31,0.006522852096140875,0
2018-08-01,0.0025143477318953543,0
2018-08-02,0.001399352077469775,0
2018-08-03,-0.001960214189348276,0
2018-08-06,-0.0016361964660078316,0
2018-08-07,0.007017714226737465,0
2018-08-08,-0.0022031096088626313,0
2018-08-09,-0.0005319476384918333,0
2018-08-10,-0.007352434264381793,0
2018-08-13,-0.0016457187811414898,0
2018-08-14,0.00596553292353201,0
2018-08-15,-0.018951301990078873,0
2018-08-16,0.023426388933709588,0
2018-08-17,-0.0017563241495735264,0
2018-08-20,0.009665632195953454,0
2018-08-21,0.0015041695487046885,0
2018-08-22,-0.0012843489847665303,0
2018-08-23,-0.0006234597686900186,0
2018-08-24,0.01230494261145359,0
2018-08-27,0.010817490520856829,0
2018-08-28,-0.0004494039967170601,0
2018-08-29,0.003988549972479063,0
2018-08-30,-0.00590783972772096,0
2018-08-31,-0.002902716560556156,0
2018-09-04,0.00149593579551799,0
2018-09-05,0.013455617634651956,0
2018-09-06,0.004755222931675526,0
2018-09-07,0.002181089615414224,0
2018-09-10,0.005074523359613283,0
2018-09-11,-8.928788232378424e-05,0
2018-09-12,0.0058785634210501,0
2018-09-13,0.004720381616832315,0
2018-09-14,0.001775840301836549,0
2018-09-17,0.003924030618392604,0
2018-09-18,0.013912467776581925,0
2018-09-19,0.017852766007911015,0
2018-09-20,0.011414607459259957,0
2018-09-21,-0.00175908746658935,0
2018-09-24,-0.01282261809610027,0
2018-09-25,6.41423612311061e-05,0
2018-09-26,-0.007571437189822785,0
2018-09-27,-0.0005766765666349393,0
2018-09-28,-0.006478741279059345,0
2018-10-01,0.0097899882635792,0
2018-10-02,-0.004815295899521223,0
2018-10-03,0.0049131959032987504,0
2018-10-04,-0.017617271371196487,0
2018-10-05,-0.00761252487941307,0
2018-10-08,-0.006821443047520672,0
2018-10-09,0.003542748667094398,0
2018-10-10,-0.052485322581957684,0
2018-10-11,-0.020339564577560962,0
2018-10-12,0.028410918297477748,0
2018-10-15,-0.012974552140172962,0
2018-10-16,0.03022218810658148,0
2018-10-17,0.0015284199415743467,0
2018-10-18,-0.01981290064629845,0
2018-10-19,-0.006282851899447519,0
2018-10-22,0.0037681575702884474,0
2018-10-23,-0.011581351937944533,0
2018-10-24,-0.028636377316263874,0
2018-10-25,0.03617727403969088,0
2018-10-26,-0.031100849215604742,0
2018-10-29,-0.03384201225705625,0
2018-10-30,0.008834272229461608,0
2018-10-31,0.027188061408442203,0
2018-11-01,0.004515106248091675,0
2018-11-02,0.003806169476909779,0
2018-11-05,0.04398533965136774,0
2018-11-06,0.011348089943147052,0
2018-11-07,0.014661712883421288,0
2018-11-08,0.0031200995937832846,0
2018-11-09,-0.013998500841574389,0
2018-11-12,-0.018890648717752975,0
2018-11-13,0.011340295372276115,0
2018-11-14,-0.008548351261798067,0
2018-11-15,0.0081581019161184,0
2018-11-16,0.004700053508709704,0
2018-11-19,-0.004073659023187508,0
2018-11-20,-0.03292283150175948,0
2018-11-21,0.001547027626822566,0
2018-11-23,-0.017605405460165216,0
2018-11-26,0.017400264200993644,0
2018-11-27,0.008303549507717252,0
2018-11-28,0.02514877062511219,0
2018-11-29,0.0005787716808824844,0
2018-11-30,0.005132442237278274,0
2018-12-03,0.00946281990467295,0
2018-12-04,-0.027344481104558963,0
2018-12-06,-0.006446284634448201,0
2018-12-07,-0.0243232018319386,0
2018-12-10,0.008070198344818005,0
2018-12-11,-0.003388277484435579,0
2018-12-12,0.0029440186176859485,0
2018-12-13,0.00206466929658825,0
2018-12-14,-0.018691904883336823,0
2018-12-17,-0.018558817583263658,0
2018-12-18,0.002185163980359738,0
2018-12-19,-0.012985008823393894,0
2018-12-20,-0.016681302995996097,0
2018-12-21,-0.015730678162093434,0
2018-12-24,-0.027599826916825713,0
2018-12-26,0.048898988263053646,0
2018-12-27,0.011856366190705188,0
2018-12-28,-0.0008013405774990119,0
2018-12-31,0.016069653642652244,0
2019-01-02,-0.0023172850522969564,0
2019-01-03,-0.03437744693512387,0
2019-01-04,0.057069580198227735,0
2019-01-07,0.01364556199234286,0
2019-01-08,0.008372485373321827,0
2019-01-09,0.009781802252527548,0
2019-01-10,-0.004861130016208192,0
2019-01-11,0.0003127050534600887,0
2019-01-14,-0.007746405672540868,0
2019-01-15,0.03204355608239241,0
2019-01-16,-0.0003020155359223398,0
2019-01-17,0.008030990281620022,0
2019-01-18,0.008957770853465802,0
2019-01-22,-0.02348148352047358,0
2019-01-23,0.006866117549559162,0
2019-01-24,0.001293885914405752,0
2019-01-25,0.015016081987784053,0
2019-01-28,-0.021851857732276277,0
2019-01-29,-0.02198856240389071,0
2019-01-30,0.04436338564857709,0
2019-01-31,-0.011658772466649002,0
2019-02-01,0.0035100331906427825,0
2019-02-04,0.008982426455617205,0
2019-02-05,0.013484260692813098,0
2019-02-06,0.0016000569000267952,0
2019-02-07,-0.007679473197110321,0
2019-02-08,0.0010874331285008936,0
2019-02-11,-0.0038634046076461235,0
2019-02-12,0.013504125977015315,0
2019-02-13,0.0011600914369560111,0
2019-02-14,-0.0011686253883971642,0
2019-02-15,0.017355656787825566,0
2019-02-19,-0.0021757521324980945,0
2019-02-20,0.005241946570099085,0
2019-02-21,-0.006159820936198917,0
2019-02-22,0.014475946776296026,0
2019-02-25,0.001583203660864037,0
2019-02-26,-0.0008088601527571523,0
2019-02-27,0.0028183473275126113,0
2019-02-28,0.0020007139017618864,0
2019-03-01,0.009674189994550043,0
2019-03-04,-0.014314361062865717,0
2019-03-05,0.00028091992926898633,0
2019-03-06,-0.012208204531796068,0
2019-03-07,-0.0034415078473730063,0
2019-03-08,0.0007430694442745124,0
2019-03-11,-0.030944185705649645,0
2019-03-12,-0.027475672534211612,0
2019-03-13,0.006301477671959352,0
2019-03-14,-0.008095544992349452,0
2019-03-15,0.01134756614300549,0
2019-03-18,-0.004656849595695248,0
2019-03-19,0.0061170249720243,0
2019-03-20,0.008295423909460217,0
2019-03-21,-0.0004923194581136093,0
2019-03-22,-0.014994253577719408,0
2019-03-25,0.015315797617515536,0
2019-03-26,0.005410967400906261,0
2019-03-27,-0.0020656805523258897,0
2019-03-28,0.0008944834153289058,0
2019-03-29,0.011041865835250561,0
2019-04-01,0.004579603618305427,0
2019-04-02,-0.00033137947327888074,0
2019-04-03,-0.0052339570464348464,0
2019-04-04,-0.008622878196233853,0
2019-04-05,0.005210746486127673,0
2019-04-08,0.0004348348118883558,0
2019-04-09,-0.0009182144543085913,0
2019-04-10,0.002422843744196028,0
2019-04-11,-0.0075325747615277985,0
2019-04-12,-0.0028157537862934547,0
2019-04-15,0.00336876878549384,0
2019-04-16,-0.009634943834889368,0
2019-04-17,-0.013217859938278355,0
2019-04-18,-0.0030056218256938687,0
2019-04-22,0.006906818056002589,0
2019-04-23,0.0032029878325650274,0
2019-04-24,0.003833180770848082,0
2019-04-25,-0.003497257664080024,0
2019-04-26,0.010587886922004111,0
2019-04-29,2.537088358152477e-05,0
2019-04-30,0.003869945866969074,0
2019-05-01,0.0012983082145665557,0
2019-05-02,0.0038060586452921506,0
2019-05-03,-0.0006684800056446869,0
2019-05-06,-0.008152045823823046,0
2019-05-07,-0.021928971604670694,0
2019-05-08,0.0034223213055633445,0
2019-05-09,-0.00421326875320913,0
2019-05-10,0.003775935778369613,0
2019-05-13,-0.029666369848196893,0
2019-05-14,0.008015123518971354,0
2019-05-15,0.008453468292453036,0
2019-05-16,0.016765506594890896,0
2019-05-17,-0.0007423003014621412,0
2019-05-20,-0.001809989198123784,0
2019-05-21,0.012387005452657507,0
2019-05-22,-0.0004802096789766506,0
2019-05-23,-0.010237970097086366,0
2019-05-24,0.006151444832340517,0
2019-05-28,-0.0008616257937285747,0
2019-05-29,-0.0108728752256952,0
2019-05-30,-0.0010783999752821834,0
2019-05-31,-0.01934796274561148,0
2019-06-03,-0.02522243628624896,0
2019-06-04,0.023680086531399042,0
2019-06-05,0.02297172316852439,0
2019-06-06,0.006365913687458112,0
2019-06-07,0.023739544306325057,0
2019-06-10,0.002066846808600015,0
2019-06-11,-0.009058431151875239,0
2019-06-12,0.0009396878250897222,0
2019-06-13,-0.0077867344362824945,0
2019-06-14,-0.002953635985969397,0
2019-06-17,0.0009809957471126982,0
2019-06-18,0.0077045898383643,0
2019-06-19,0.0017579911218256405,0
2019-06-20,0.02140256206304101,0
2019-06-21,-0.006789404692679846,0
2019-06-24,0.003307354981020174,0
2019-06-25,-0.016658708738844605,0
2019-06-26,0.004494053520858362,0
2019-06-27,-0.003588766544963636,0
2019-06-28,0.008943575618084808,0
2019-07-01,-0.029849842313507124,0
2019-07-02,-0.005437346138877825,0
2019-07-03,0.003957715579783234,0
2019-07-05,-0.006942564598549444,0
2019-07-08,-0.01176311693846296,0
2019-07-09,0.02007499635329034,0
2019-07-10,-0.005897187327462846,0
2019-07-11,0.00910582950698497,0
2019-07-12,0.005598174639833061,0
2019-07-15,0.003894599113556125,0
2019-07-16,-0.00463624821643765,0
2019-07-17,-0.0005756255789381264,0
2019-07-18,-0.013105485035940024,0
2019-07-19,0.006956610446825865,0
2019-07-22,0.0025290262353657887,0
2019-07-23,-0.004075222670625437,0
2019-07-24,-0.003302927767584187,0
2019-07-25,-0.016775786585237373,0
2019-07-26,0.012944598478883825,0
2019-07-29,-0.014004058101242431,0
2019-07-30,-0.009025249874070808,0
2019-07-31,-0.017492599556699403,0
2019-08-01,-0.012479130223302923,0
2019-08-02,-0.004925021223603169,0
2019-08-05,-0.03233421266204242,0
2019-08-06,0.02077385198905416,0
2019-08-07,0.011182568467167874,0
2019-08-08,0.022752196540834563,0
2019-08-09,-0.002643047654477381,0
2019-08-12,-0.01704582031607001,0
2019-08-13,0.013738213827099641,0
2019-08-14,-0.025784915670470282,0
2019-08-15,0.013839446069683087,0
2019-08-16,0.0205737844605676,0
2019-08-19,0.007383927542385019,0
2019-08-20,-0.007164147327058411,0
2019-08-21,0.003079703711758553,0
2019-08-22,-0.00053353282369276,0
2019-08-23,-0.027975589786115238,0
2019-08-26,0.012302992213916664,0
2019-08-27,0.003150614765730776,0
2019-08-28,0.005671506333149914,0
2019-08-29,0.007762072401938824,0
2019-08-30,-0.006066124589501598,0
2019-09-03,-0.01552738348548614,0
2019-09-04,0.012788572328726128,0
2019-09-05,0.019594100313380505,0
2019-09-06,-0.008201824167112534,0
2019-09-09,-0.02352731846171012,0
2019-09-10,-0.01428545719897614,0
2019-09-11,0.0072510537312633315,0
2019-09-12,0.01636717571436857,0
2019-09-13,0.003556289391738101,0
2019-09-16,-0.0011776157680927568,0
2019-09-17,0.005432056143904327,0
2019-09-18,-0.012025595222783058,0
2019-09-19,0.0017601567502917824,0
2019-09-20,-0.010988544996107375,0
2019-09-23,0.0010660495618643787,0
2019-09-24,-0.013697496434961367,0
2019-09-25,0.006702475090952686,0
2019-09-26,0.0028959394868207696,0
2019-09-27,-0.0167502526627833,0
2019-09-30,0.00704506673682879,0
2019-10-01,-0.013790231751228064,0
2019-10-02,-0.015495903917942732,0
2019-10-03,0.010582769534614376,0
2019-10-04,0.012558894551279785,0
2019-10-07,-0.002058253977938161,0
2019-10-08,-0.009094427771679427,0
2019-10-09,0.00991966183059709,0
2019-10-10,2.8243570032379e-05,0
2019-10-11,-7.421571651313277e-05,0
2019-10-14,-0.003261433039294421,0
2019-10-15,-0.0024885340523317042,0
2019-10-16,0.00029787022287829567,0
2019-10-17,-0.002077963237125645,0
2019-10-18,-0.010026343712486709,0
2019-10-21,-0.0011968193417378056,0
2019-10-22,-0.0038894828395945984,0
2019-10-23,0.001274638531820692,0
2019-10-24,0.005029810142003174,0
2019-10-25,-0.005734241973027279,0
2019-10-28,0.0037930378304536216,0
2019-10-29,0.00021610483789621764,0
2019-10-30,0.010113879750542164,0
2019-10-31,-0.007169831109128483,0
2019-11-01,0.002606115191386217,0
2019-11-04,0.0048412720631274145,0
2019-11-05,-0.0027352488328380186,0
2019-11-06,-0.0010126218695087202,0
2019-11-07,0.0013530133788406105,0
2019-11-08,0.009053464379644383,0
2019-11-11,-0.0006200254327875713,0
2019-11-12,0.005867105806635577,0
2019-11-13,0.003502205293518346,0
2019-11-14,0.004026346514360495,0
2019-11-15,0.009770903207520814,0
2019-11-18,0.003205993379469918,0
2019-11-19,0.003954338928528761,0
2019-11-20,-0.0010641925322761744,0
2019-11-21,-0.0023136503564460667,0
2019-11-22,0.0006634461887827785,0
2019-11-25,0.008908377443666194,0
2019-11-26,0.005766899089503325,0
2019-11-27,0.002933870603245564,0
2019-11-29,-0.005394162417198872,0
2019-12-02,-0.001268096879945488,0
2019-12-03,-0.0046323475834311335,0
2019-12-04,0.00733113278947714,0
2019-12-05,0.0011039671564982622,0
2019-12-06,0.004408121496344945,0
2019-12-09,0.001794882140150804,0
2019-12-10,-0.0014435206332689267,0
2019-12-11,1.6109131522366123e-05,0
2019-12-12,0.005174189252029565,0
2019-12-13,0.00238115610972102,0
2019-12-16,0.004218681493139731,0
2019-12-17,0.001972181332993082,0
2019-12-18,-0.007455774997621678,0
2019-12-19,0.006069226085059981,0
2019-12-20,0.00525913869370388,0
2019-12-23,-0.006021267215078172,0
2019-12-24,0.0019941869178500063,0
2019-12-26,0.0003056610706629462,0
2019-12-27,0.00325398397679336,0
2019-12-30,-0.007533550963055199,0
2019-12-31,0.0019720340034480696,0
2020-01-02,0.0035211847314098334,0
2020-01-03,-0.007978079636798075,0
2020-01-06,0.0011819924501372066,0
2020-01-07,-0.005179356571141372,0
2020-01-08,0.010697814891282364,0
2020-01-09,0.009620717220488989,0
2020-01-10,0.002738435201209491,0
2020-01-13,0.009169435342531328,0
2020-01-14,-0.007482981236998896,0
2020-01-15,0.008068158652629494,0
2020-01-16,0.012155167392783092,0
2020-01-17,0.007398019840573863,0
2020-01-21,0.0006000303792879328,0
2020-01-22,0.003658910572575625,0
2020-01-23,0.0008634712849126284,0
2020-01-24,-0.0032898923644273325,0
2020-01-27,-0.012581070230808893,0
2020-01-28,0.010444732019425126,0
2020-01-29,-0.005479221313041575,0
2020-01-30,0.00687585139250079,0
2020-01-31,-0.015956957337356838,0
2020-02-03,0.013636770359460499,0
2020-02-04,0.013246691018577558,0
2020-02-05,0.0049369013819843145,0
2020-02-06,0.004282036997645027,0
2020-02-07,-0.0017616321106124545,0
2020-02-10,0.012705006627267751,0
2020-02-11,-0.007248498237748006,0
2020-02-12,0.0032048082934862847,0
2020-02-13,0.004149851910701965,0
2020-02-14,0.006333654223876995,0
2020-02-18,0.0020128849708585055,0
2020-02-19,0.005783168679072128,0
2020-02-20,-0.0020831478950514484,0
2020-02-21,-0.013366917531251545,0
2020-02-24,-0.033558691097638677,0
2020-02-25,-0.030560844949387773,0
2020-02-26,-0.006004485442374254,0
2020-02-27,-0.05069060910951074,0
2020-02-28,0.00277580246559426,0
2020-03-02,0.03852485171675943,0
2020-03-03,-0.03320456019851453,0
2020-03-04,0.03421160289743409,0
2020-03-05,-0.045786398879093665,0
2020-03-06,-0.007809034981984214,0
2020-03-09,-0.08857643945353937,0
2020-03-10,0.04007968700937438,0
2020-03-11,-0.08896512781725009,0
2020-03-12,-0.12757939871197888,0
2020-03-13,0.0828151341756978,0
2020-03-16,-0.16254169699130536,0
2020-03-17,0.037310882664287066,0
2020-03-18,-0.07369338282629304,0
2020-03-19,0.022026156512186302,0
2020-03-20,-0.00982490333337355,0
2020-03-23,0.08726259885401084,0
2020-03-24,0.08170634112060461,0
2020-03-25,0.05255117217318225,0
2020-03-26,0.08364397882644485,0
2020-03-27,-0.044846220988461076,0
2020-03-30,0.006842474205017518,0
2020-03-31,-0.004321742550297993,0
2020-04-01,-0.023101433984943836,0
2020-04-02,0.021630913288261777,0
2020-04-03,-0.021178480613443972,0
2020-04-06,0.0841687447232809,0
2020-04-07,-0.01152750637789351,0
2020-04-08,0.01937228453643102,0
2020-04-09,-0.008991766839093654,0
2020-04-13,0.0148337450764764,0
2020-04-14,0.05473364228678485,0
2020-04-15,-0.01376683569057238,0
2020-04-16,0.025853496759006504,0
2020-04-17,0.0008095388177170855,0
2020-04-20,-0.009158044960569874,0
2020-04-21,-0.042868316787793306,0
2020-04-22,0.03599805426318169,0
2020-04-23,-0.007793609603002035,0
2020-04-24,0.013280060641187853,0
2020-04-27,0.00332383700108332,0
2020-04-28,-0.016261592295656862,0
2020-04-29,0.005386978993660512,0
2020-04-30,-0.013441334299494586,0
2020-05-01,-0.02183292681550668,0
2020-05-04,0.018531793833239257,0
2020-05-05,0.012709138852508257,0
2020-05-06,-0.0037714638830071232,0
2020-05-07,0.012192753446350676,0
2020-05-08,0.00542314196479846,0
2020-05-11,0.023276565130544644,0
2020-05-12,-0.02341346154820826,0
2020-05-13,-0.01196856786757864,0
2020-05-14,0.008637277711359966,0
2020-05-15,-0.0034930440412622773,0
2020-05-18,0.00644985925462623,0
2020-05-19,-0.005132112241883706,0
2020-05-20,0.01164216796976987,0
2020-05-21,-0.012069172630949893,0
2020-05-22,0.004559819089817082,0
2020-05-26,-0.019197631701380106,0
2020-05-27,0.005060089233368377,0
2020-05-28,0.0021475648448783316,0
2020-05-29,0.022755216224370593,0
2020-06-01,0.01635733716262016,0
2020-06-02,0.005818414123118628,0
2020-06-03,0.007820647659508732,0
2020-06-04,0.005416635398308731,0
2020-06-05,0.01650259575995281,0
2020-06-08,0.0014775501377880518,0
2020-06-09,-0.0006506685862403725,0
2020-06-10,-0.002621814168135638,0
2020-06-11,-0.058549609304310704,0
2020-06-12,0.0007859224291949115,0
2020-06-15,0.020092992289841856,0
2020-06-16,0.0181360872188999,0
2020-06-17,0.006554841062379075,0
2020-06-18,-0.0013718164718246302,0
2020-06-19,-0.00036196117749972027,0
2020-06-22,0.0011472541862576043,0
2020-06-23,0.0050185471806106045,0
2020-06-24,-0.025179875060040068,0
2020-06-25,0.013869392331219805,0
2020-06-26,-0.01984343662937753,0
2020-06-29,-0.001996544337996213,0
2020-06-30,0.020276620773890957,0
2020-07-01,0.0003853087377632372,0
2020-07-02,-0.014273264681915341,0
2020-07-06,0.0071893364678474615,0
2020-07-07,0.009881910275738886,0
2020-07-08,0.01717270004438561,0
2020-07-09,0.027229416549863564,0
2020-07-10,-0.018438878649165966,0
2020-07-13,0.011405490219657108,0
2020-07-14,0.013250129624225764,0
2020-07-15,0.019557841151693737,0
2020-07-16,-0.0029043337212206156,0
2020-07-17,0.05558174794663864,0
2020-07-20,-0.010924018041898964,0
2020-07-21,-0.01960752697176554,0
2020-07-22,0.022719850305522673,0
2020-07-23,-0.04683813049906949,0
2020-07-24,0.002973424582890679,0
2020-07-27,0.042492654519517045,0
2020-07-28,-0.0025928523802081598,0
2020-07-29,0.025242520436667894,0
2020-07-30,0.014848990619916106,0
2020-07-31,-0.00362059869509721,0
2020-08-03,-0.001008593687800451,0
2020-08-04,0.028008349688710934,0
2020-08-05,0.014756908815995272,0
2020-08-06,0.007970105820385556,0
2020-08-07,-0.018617685743163543,0
2020-08-10,-0.01632007778954883,0
2020-08-11,-0.03052708045327278,0
2020-08-12,0.029583050482522865,0
2020-08-13,0.0008341270302243642,0
2020-08-14,-0.004677929654080033,0
2020-08-17,0.017029834562789937,0
2020-08-18,0.005974446451003306,0
2020-08-19,-0.010553595608391765,0
2020-08-20,0.01639044216019644,0
2020-08-21,0.0010974012347337494,0
2020-08-24,0.003254119671226775,0
2020-08-25,0.01612057946362667,0
2020-08-26,0.00974716623333512,0
2020-08-27,-0.003607504915652778,0
2020-08-28,0.00738861667662157,0
2020-08-31,0.015730716279734276,0
2020-09-01,0.019393515859710952,0
2020-09-02,0.013102895516385523,0
2020-09-03,-0.054043867696929475,0
2020-09-04,-0.02155568931276287,0
2020-09-08,-0.031234359677071485,0
2020-09-09,0.03195609296653939,0
2020-09-10,-0.020781462389273433,0
2020-09-11,-0.008164460324751679,0
2020-09-14,0.014186856002352838,0
2020-09-15,0.021487924849809083,0
2020-09-16,-0.02172508739113733,0
2020-09-17,-0.010173054104047098,0
2020-09-18,-0.0069779487305967,0
2020-09-21,0.01532905177697478,0
2020-09-22,0.01915244636856677,0
2020-09-23,-0.02190999697451322,0
2020-09-24,0.006203925199165317,0
2020-09-25,0.02231901807768823,0
2020-09-28,0.011419487718009666,0
2020-09-29,0.0009671999977403955,0
2020-09-30,0.005633751269126345,0
2020-10-01,0.018515778721918022,0
2020-10-02,-0.0204568822671852,0
2020-10-05,0.026712249915457113,0
2020-10-06,-0.010808371184942897,0
2020-10-07,0.013698521955286445,0
2020-10-08,-0.0022931109782005467,0
2020-10-09,0.0011140166322806634,0
2020-10-12,0.01480258579835184,0
2020-10-13,0.019689167269570002,0
2020-10-14,-0.015607007949812384,0
2020-10-15,-0.005623308739916668,0
2020-10-16,0.004208602318244608,0
2020-10-19,-0.013752817780660058,0
2020-10-20,0.001958027581391086,0
2020-10-21,-0.0014694806813219646,0
2020-10-22,-0.01072988400871239,0
2020-10-23,0.006546313983355551,0
2020-10-26,-0.012532411820410632,0
2020-10-27,-0.003697569542639997,0
2020-10-28,-0.028651567951923782,0
2020-10-29,0.004188824647224138,0
2020-10-30,-0.02924875268532582,0
2020-11-02,0.013200332169408857,0
2020-11-03,0.02455395759305517,0
2020-11-04,0.036645183233027685,0
2020-11-05,0.02164027470035567,0
2020-11-06,0.00728472260275723,0
2020-11-09,-0.024658114237382983,0
2020-11-10,-0.030455220083386036,0
2020-11-11,0.019514769392112247,0
2020-11-12,-0.003755427791689088,0
2020-11-13,0.0032874833590862806,0
2020-11-16,0.01510186931284081,0
2020-11-17,0.007178373951131236,0
2020-11-18,-0.002490677844310016,0
2020-11-19,0.0016324239885787267,0
2020-11-20,-0.0052560374759356345,0
2020-11-23,0.0068356194757445725,0
2020-11-24,-0.002804176073447671,0
2020-11-25,0.012130276721588774,0
2020-11-27,-0.005032956121249584,0
2020-11-30,0.006164033017627834,0
2020-12-01,-0.053116949525547796,0
2020-12-02,-0.12310088967745436,0
2020-12-03,0.06752556385198982,0
2020-12-04,-0.007490649189861087,0
2020-12-07,0.21341719375998713,0
2020-12-08,-0.012094000518688142,0
2020-12-09,-0.0685554732899809,0
2020-12-10,0.015396236112721562,0
2020-12-11,0.005917153919925866,0
2020-12-14,0.0014705517300281912,0
2020-12-15,-0.029735663463595352,0
2020-12-16,-0.019296262693646815,0
2020-12-17,0.05054010270395359,0
2020-12-18,-0.04627250275665484,0
2020-12-21,0.09780519763900086,0
2020-12-22,-0.01648541948724247,0
2020-12-23,0.0231811553961232,0
2020-12-24,-0.03276404728336457,0
2020-12-28,-0.07639642663904134,0
2020-12-29,-0.03784624834632566,0
2020-12-30,0.01784268194566896,0
2020-12-31,-0.06175303270327759,0
2021-01-04,-0.004429257325618081,0
2021-01-05,0.014009353177063432,0
2021-01-06,-0.007104425977097281,0
2021-01-07,0.040136807894886856,0
2021-01-08,0.020309649431348213,0
2021-01-11,-0.006172799735578507,0
2021-01-12,0.00866264410660066,0
2021-01-13,-0.009943846540721578,0
2021-01-14,-0.009133021786211238,0
2021-01-15,-0.017185650130803153,0
2021-01-19,0.003811653453734472,0
2021-01-20,0.011825232519490764,0
2021-01-21,-0.0015537460103170623,0
2021-01-22,0.005957601352780001,0
2021-01-25,0.0015741409200820781,0
2021-01-26,-0.010442627280611787,0
2021-01-27,-0.030931671132324805,0
2021-01-28,0.009150909225317834,0
2021-01-29,-0.01389760697964356,0
2021-02-01,-0.01021915471991075,0
2021-02-02,0.007795279810923712,0
2021-02-03,0.016724903175429205,0
2021-02-04,0.03075571180840689,0
2021-02-05,-0.0022486608718995304,0
2021-02-08,0.019566653201158354,0
2021-02-09,-0.0025903160472244236,0
2021-02-10,0.02402575608946798,0
2021-02-11,0.008026202062419618,0
2021-02-12,0.0013363996871240038,0
2021-02-16,-0.01763275358447003,0
2021-02-17,-0.018980012898356043,0
2021-02-18,-0.02109321226835169,0
2021-02-19,0.011885847087693212,0
2021-02-22,-0.036796639173925345,0
2021-02-23,-0.010115057229094282,0
2021-02-24,0.03656307334956607,0
2021-02-25,-0.047254679656901805,0
2021-02-26,0.055879879443449305,0
2021-03-01,-0.004978482846870377,0
2021-03-02,-0.013124689536558782,0
2021-03-03,-0.04041260516792335,0
2021-03-04,-0.012034716213699535,0
2021-03-05,0.005981729876915063,0
2021-03-08,-0.013650075860801913,0
2021-03-09,0.019078317726276883,0
2021-03-10,-0.006418917767007746,0
2021-03-11,0.05659952544129379,0
2021-03-12,0.004894386115365941,0
2021-03-15,0.010811633879230538,0
2021-03-16,-0.020055863954992266,0
2021-03-17,-0.003081454138737146,0
2021-03-18,-0.022183021243575945,0
2021-03-19,0.007706092699914338,0
2021-03-22,0.014354364679507053,0
2021-03-23,-0.01666463007625402,0
2021-03-24,-0.028295320003296265,0
2021-03-25,-0.013218049464908633,0
2021-03-26,0.015596912069758662,0
2021-03-29,0.015064433416636939,0
2021-03-30,-0.007226672883286578,0
2021-03-31,0.020813069758891134,0
2021-04-01,0.01554577289681342,0
2021-04-05,-0.0007235632158663899,0
2021-04-06,0.012786392905787997,0
2021-04-07,-0.0160708007336119,0
2021-04-08,0.013013815188301935,0
2021-04-09,0.011280865154750004,0
2021-04-12,-0.00783048199699469,0
2021-04-13,0.014949464756620193,0
2021-04-14,0.006807284691318992,0
2021-04-15,0.008602532828467511,0
2021-04-16,0.01733239269812359,0
2021-04-19,-0.017993414150750342,0
2021-04-20,-0.020937109405584246,0
2021-04-21,0.005669573482006618,0
2021-04-22,0.0049606576394537315,0
2021-04-23,0.014725770969545974,0
2021-04-26,0.007225745646465877,0
2021-04-27,0.011261185385687832,0
2021-04-28,0.004971539583205151,0
2021-04-29,-0.012319319017322377,0
2021-04-30,-0.009809216676017932,0
2021-05-03,-0.0007300760366254098,0
2021-05-04,-0.013910255134696221,0
2021-05-05,-0.016007242424669842,0
2021-05-06,-0.01128654408582105,0
2021-05-07,-0.0012572095196954583,0
2021-05-10,-0.022865577818150976,0
2021-05-11,0.024079939129886395,0
2021-05-12,-0.03422407307712488,0
2021-05-13,-0.0047049528650269885,0
2021-05-14,0.03940643568657745,0
2021-05-17,0.003295566349967261,0
2021-05-18,0.010567287880010462,0
2021-05-19,-0.009945158257632107,0
2021-05-20,0.00862946690414947,0
2021-05-21,0.000988993907974081,0
2021-05-24,0.010136485662005005,0
2021-05-25,0.0070532107759525,0
2021-05-26,0.011575064277052667,0
2021-05-27,0.006961623553003859,0
2021-05-28,0.00517017672577974,0
2021-06-01,-0.0018917402038715059,0
2021-06-02,0.03758259668458064,0
2021-06-03,0.018893502097446557,0
2021-06-04,0.055578352810526255,0
2021-06-07,0.06551171699023572,0
2021-06-08,-0.029922152867251195,0
2021-06-09,0.020845081884536487,0
2021-06-10,-0.002023557930766806,0
2021-06-11,0.008525373748919707,0
2021-06-14,-0.052273256213642316,0
2021-06-15,-0.028060398348481064,0
2021-06-16,-0.018602113537987908,0
2021-06-17,0.023402774810533655,0
2021-06-18,-0.016199924727226644,0
2021-06-21,0.0454340224952805,0
2021-06-22,0.06300420078320723,0
2021-06-23,-0.04210339401211105,0
2021-06-24,0.038200369552857216,0
2021-06-25,-0.0009084989043185443,0
2021-06-28,0.01364008350777035,0
2021-06-29,0.05167311449854606,0
2021-06-30,0.002217815400416878,0
2021-07-01,0.00042088516748756783,0
2021-07-02,0.0042727495661821924,0
2021-07-06,0.010651918046440223,0
2021-07-07,-0.009620376764300088,0
2021-07-08,0.011971990087500939,0
2021-07-09,0.0032014525872921117,0
2021-07-12,0.010756968496717558,0
2021-07-13,-0.007448603935459434,0
2021-07-14,0.010669038113153256,0
2021-07-15,0.00656422593244811,0
2021-07-16,0.0322146081562004,0
2021-07-19,0.02992016454938243,0
2021-07-20,-0.001008266493732652,0
2021-07-21,0.020140814147219965,0
2021-07-22,0.011578259251313769,0
2021-07-23,0.03750425550295764,0
2021-07-26,-0.017168605759220457,0
2021-07-27,-0.01560189924207808,0
2021-07-28,0.02641880486309002,0
2021-07-29,-0.02032602887679177,0
2021-07-30,-0.004771663832645546,0
2021-08-02,0.0038150580537122643,0
2021-08-03,0.007834483135385737,0
2021-08-04,0.006588725641781016,0
2021-08-05,0.012262109843443288,0
2021-08-06,-0.006701804346505559,0
2021-08-09,-0.004521127538865498,0
2021-08-10,-0.0003129130917465723,0
2021-08-11,-0.0060614284601520135,0
2021-08-12,-0.0035597484066594307,0
2021-08-13,0.007349951396776353,0
2021-08-16,0.0038946410346812027,0
2021-08-17,-0.006365712570943758,0
2021-08-18,-0.005926146745738298,0
2021-08-19,-0.0009785930806072932,0
2021-08-20,0.011071241705464106,0
2021-08-23,0.01158909971893636,0
2021-08-24,0.0011200271054642285,0
2021-08-25,-0.003708233259165916,0
2021-08-26,-0.010708123096412319,0
2021-08-27,0.00869553491474868,0
2021-08-30,0.005745896284878355,0
2021-08-31,-0.012185070773996432,0
2021-09-01,-0.004679414410559612,0
2021-09-02,0.006110260518937949,0
2021-09-03,0.0012269740272814508,0
2021-09-07,-0.005930644917533418,0
2021-09-08,-0.010186338391987107,0
2021-09-09,0.003812889108558893,0
2021-09-10,-0.005015291030608838,0
2021-09-13,-0.0035093426689825707,0
2021-09-14,0.003582718902342906,0
2021-09-15,0.013475722489287708,0
2021-09-16,0.019615166363938064,0
2021-09-17,0.0009816116498424998,0
2021-09-20,-0.032388888090783594,0
2021-09-21,-0.0015718827267328542,0
2021-09-22,0.009882089289604814,0
2021-09-23,0.015301074487919087,0
2021-09-24,-0.004735290830907317,0
2021-09-27,-0.01898990054750327,0
2021-09-28,-0.03663873988204903,0
2021-09-29,-0.004237351964469481,0
2021-09-30,-0.01788282042039604,0
2021-10-01,0.006799131206581901,0
2021-10-04,-0.0257238987569218,0
2021-10-05,0.009185700241261793,0
2021-10-06,0.012015389395106026,0
2021-10-07,0.013256341147344983,0
2021-10-08,-0.005076460459727198,0
2021-10-11,-0.00201750057493518,0
2021-10-12,0.004531970106985292,0
2021-10-13,0.01714965151487787,0
2021-10-14,0.019125889678396804,0
2021-10-15,0.0010128547054482709,0
2021-10-18,0.006130642079950399,0
2021-10-19,0.0004769020398797128,0
2021-10-20,0.0011334616906147014,0
2021-10-21,0.00993074329548763,0
2021-10-22,0.0027415556206162434,0
2021-10-25,0.0112342390547197,0
2021-10-26,0.01041061537935496,0
2021-10-27,-0.013938782585574478,0
2021-10-28,0.008551729265655852,0
2021-10-29,0.005953223563369938,0
2021-11-01,0.006279104347452519,0
2021-11-02,-0.0023812328838162295,0
2021-11-03,0.010304247940856898,0
2021-11-04,0.011186137976071675,0
2021-11-05,-0.005308668012489628,0
2021-11-08,0.022695066258322988,0
2021-11-09,-0.025359848944624473,0
2021-11-10,-0.028504081061510908,0
2021-11-11,0.008968343353229631,0
2021-11-12,0.0020654114601554303,0
2021-11-15,0.002373840907621559,0
2021-11-16,0.0014178857243678533,0
2021-11-17,-0.009109732567614432,0
2021-11-18,-0.008004427295276898,0
2021-11-19,-0.0073104851085850605,0
2021-11-22,-0.012993245562353423,0
2021-11-23,0.0058512282407832536,0
2021-11-24,0.01416874894406748,0
2021-11-26,-0.013393191046932514,0
2021-11-29,0.017689748311667176,0
2021-11-30,-0.0221127320471196,0
2021-12-01,-0.025654758591206032,0
2021-12-02,0.003683640929506505,0
2021-12-03,-0.02114430653035964,0
2021-12-06,0.014230525520575011,0
2021-12-07,0.020380748631734766,0
2021-12-08,-0.0003066640614058641,0
2021-12-09,-0.016186280996993468,0
2021-12-10,0.00242174201364563,0
2021-12-13,-0.01254218466540399,0
2021-12-14,-0.003845537537075789,0
2021-12-15,0.008793716185777584,0
2021-12-16,-0.010791258361484025,0
2021-12-17,-0.01121075009671551,0
2021-12-20,0.001816229256956733,0
2021-12-21,0.027104776898069113,0
2021-12-22,0.009975306092690768,0
2021-12-23,0.00454328156327565,0
2021-12-27,0.0006492562088734453,0
2021-12-28,-0.0031392226504810402,0
2021-12-29,0.002852125322901134,0
2021-12-30,-0.0008733588718193818,0
2021-12-31,-0.01083284024420846,0
2022-01-03,-0.016706062803747347,0
2022-01-04,-0.018446876872371586,0
2022-01-05,-0.05116200872310566,0
2022-01-06,-0.004006516085050634,0
2022-01-07,-0.009802458938236764,0
2022-01-10,0.024740895699270748,0
2022-01-11,-0.005129525968731152,0
2022-01-12,0.006940012657626377,0
2022-01-13,-0.044939875681467775,0
2022-01-14,0.006499229231452743,0
2022-01-18,-0.042589929975756946,0
2022-01-19,-0.019067462319266607,0
2022-01-20,-0.020088895436316853,0
2022-01-21,-0.027195814741110786,0
2022-01-24,-0.005686063010225281,0
2022-01-25,-0.031230915059125012,0
2022-01-26,0.016348625547397064,0
2022-01-27,-0.014397568498187244,0
2022-01-28,0.039871696524,0
2022-01-31,0.03658147906126756,0
2022-02-01,-9.228810503701841e-05,0
2022-02-02,0.009926494331830796,0
2022-02-03,-0.00797597932686469,0
2022-02-04,-0.00787133770964585,0
2022-02-07,-0.006463340834543851,0
2022-02-08,0.009468161756308399,0
2022-02-09,0.0053071324668528385,0
2022-02-10,-0.019926773702774753,0
2022-02-11,-0.014370591389512887,0
2022-02-14,0.0017493183128229777,0
2022-02-15,0.01496994576510828,0
2022-02-16,0.001166138458287404,0
2022-02-17,-0.007583746147173307,0
2022-02-18,-0.006394505942342581,0
2022-02-22,-0.014743852674386099,0
2022-02-23,-0.0203861117820905,0
2022-02-24,0.0032300543755770937,0
2022-02-25,0.020397710197212714,0
2022-02-28,-0.005653676320792679,0
2022-03-01,-0.0023945086816505074,0
2022-03-02,0.013967701418457372,0
2022-03-03,0.0003669790767585104,0
2022-03-04,-0.014624347786116643,0
2022-03-07,-0.012968194297054727,0
2022-03-08,-0.011122650066108145,0
2022-03-09,0.023501306454215262,0
2022-03-10,-0.0021752572935461977,0
2022-03-11,-0.013407334531706443,0
2022-03-14,-0.005947629825345007,0
2022-03-15,0.03239086757148885,0
2022-03-16,0.01243131127984664,0
2022-03-17,0.011374790429542139,0
2022-03-18,0.015322456038949514,0
2022-03-21,-0.003936526269196626,0
2022-03-22,0.010696718208537891,0
2022-03-23,-0.008923111824005334,0
2022-03-24,0.012397562400964223,0
2022-03-25,-0.0009235043845744193,0
2022-03-28,0.015565720092228895,0
2022-03-29,0.010937636578335838,0
2022-03-30,0.003868282453809328,0
2022-03-31,-0.009461995914985212,0
2022-04-01,-0.011901695656894832,0
2022-04-04,0.008589451881713873,0
2022-04-05,-0.0072257469449456165,0
2022-04-06,-0.01358050920495553,0
2022-04-07,0.011473977793465644,0
2022-04-08,0.00012064413979905167,0
2022-04-11,0.001287756653616466,0
2022-04-12,-0.0017517506544344936,0
2022-04-13,0.012135074644038868,0
2022-04-14,-0.004342259215251396,0
2022-04-18,-0.005563698210167866,0
2022-04-19,0.012395448064675635,0
2022-04-20,-0.0018364078333537998,0
2022-04-21,-0.038075672935411316,0
2022-04-22,-0.02987297467578922,0
2022-04-25,0.030463887055323983,0
2022-04-26,-0.026215279304637608,0
2022-04-27,-0.0033270075435548265,0
2022-04-28,0.012136337606698086,0
2022-04-29,-0.03782779379452075,0
2022-05-02,0.0007360369600647246,0
2022-05-03,-0.003312869279310484,0
2022-05-04,0.029208792576386616,0
2022-05-05,-0.041566550550267214,0
2022-05-06,-0.016041753478794867,0
2022-05-09,-0.02530346932880507,0
2022-05-10,0.010646532382527808,0
2022-05-11,-0.023152302035339196,0
2022-05-12,-0.007519324749783147,0
2022-05-13,0.023200454279833978,0
2022-05-16,-0.0023076998769447545,0
2022-05-17,0.006693938955803309,0
2022-05-18,-0.07989712906566822,0
2022-05-19,-0.004466180694972258,0
2022-05-20,-0.005564540762092401,0
2022-05-23,0.024835791121545124,0
2022-05-24,0.0072222599846845465,0
2022-05-25,0.0012740342727051005,0
2022-05-26,0.033443714659462706,0
2022-05-27,0.024186285482471988,0
2022-05-31,-0.009039831616360232,0
2022-06-01,-0.0165644062140184,0
2022-06-02,0.03534140732739174,0
2022-06-03,-0.013321625684484115,0
2022-06-06,-0.0018734986753788114,0
2022-06-07,0.001299458084434632,0
2022-06-08,-0.0055698049918382776,0
2022-06-09,-0.008245476423223045,0
2022-06-10,-0.0236185436524659,0
2022-06-13,-0.031137227633649185,0
2022-06-14,-0.0019493275707821041,0
2022-06-15,0.012458109445838979,0
2022-06-16,-0.023142442316679935,0
2022-06-17,-0.011299052037646936,0
2022-06-21,0.03946383223437323,0
2022-06-22,-0.001980574993900833,0
2022-06-23,0.026457474349839288,0
2022-06-24,0.019528582531862536,0
2022-06-27,0.0005074318220404932,0
2022-06-28,-0.022459808882220232,0
2022-06-29,0.0034024611885502443,0
2022-06-30,0.0067137771990236,0
2022-07-01,-0.0006126748025641045,0
2022-07-05,-0.003845007722211009,0
2022-07-06,0.006390988694845733,0
2022-07-07,0.018483552490952612,0
2022-07-08,-0.003106860149045595,0
2022-07-11,-0.005596682171306232,0
2022-07-12,-0.011522778641091806,0
2022-07-13,-0.00040746827363541665,0
2022-07-14,-0.0058681246696928565,0
2022-07-15,0.01596605083727081,0
2022-07-18,0.0010413317400360268,0
2022-07-19,0.03021785981943996,0
2022-07-20,0.0038953274791763354,0
2022-07-21,0.011775390904016523,0
2022-07-22,-0.015054909514917182,0
2022-07-25,0.002661968327095159,0
2022-07-26,-0.023948626492014354,0
2022-07-27,0.029133033313434042,0
2022-07-28,0.022488272466050806,0
2022-07-29,0.01932713415879411,0
2022-08-01,-0.003919406551857736,0
2022-08-02,0.014588915098656733,0
2022-08-03,0.0015937132780846055,0
2022-08-04,0.004459566006926744,0
2022-08-05,0.004919425086803136,0
2022-08-08,-0.01590772118451807,0
2022-08-09,0.0019004497288913982,0
2022-08-10,0.02291829599644765,0
2022-08-11,-0.01951438462556627,0
2022-08-12,0.016000227928311316,0
2022-08-15,0.006855639556904216,0
2022-08-16,-0.007792200816219258,0
2022-08-17,-0.0010252373544079832,0
2022-08-18,0.002467397128480789,0
2022-08-19,-0.017048009163431754,0
2022-08-22,-0.011119635245400265,0
2022-08-23,0.0013429092911493876,0
2022-08-24,0.009996038728069543,0
2022-08-25,0.01599076231134288,0
2022-08-26,-0.03218518996911892,0
2022-08-29,-0.008312503328023689,0
2022-08-30,-0.003325011297282964,0
2022-08-31,-0.003948855300382863,0
2022-09-01,-0.019012039138335268,0
2022-09-02,-0.004120199116373402,0
2022-09-06,-0.03800188899406676,0
2022-09-07,0.08712968026541246,0
2022-09-08,0.0707692575978709,0
2022-09-09,0.10659552162486463,0
2022-09-12,0.020774084927885017,0
2022-09-13,-0.08843128748500229,0
2022-09-14,0.04584713552481312,0
2022-09-15,-0.018678445340669425,0
2022-09-16,-0.04182316737713321,0
2022-09-19,-0.054999995876002905,0
2022-09-20,-0.028456997784715332,0
2022-09-21,-0.004415705636992673,0
2022-09-22,-0.06948552343805525,0
2022-09-23,-0.016841397866569463,0
2022-09-26,0.006464087011591069,0
2022-09-27,0.012363527181372236,0
2022-09-28,0.06756539846283127,0
2022-09-29,-0.0797801088495087,0
2022-09-30,0.041168861698375636,0
2022-10-03,0.008474666440827366,0
2022-10-04,0.023850694643772347,0
2022-10-05,-0.0001662479460578641,0
2022-10-06,0.0012637697395116736,0
2022-10-07,-0.03267294117224915,0
2022-10-10,-0.008642881543001718,0
2022-10-11,0.007570455679072232,0
2022-10-12,-0.007611161168081477,0
2022-10-13,0.018501917304752185,0
2022-10-14,-0.014865639389658672,0
2022-10-17,0.01504808729290261,0
2022-10-18,0.00944513904505717,0
2022-10-19,-0.010913157831503916,0
2022-10-20,-0.004056609113025195,0
2022-10-21,0.03089273716492502,0
2022-10-24,0.024535524407949764,0
2022-10-25,0.009885865906743887,0
2022-10-26,0.0010078027281629784,0
2022-10-27,-0.006322452372275291,0
2022-10-28,0.02146062873974327,0
2022-10-31,-0.005656802818287368,0
2022-11-01,-0.02449507822042951,0
2022-11-02,-0.03332446447246773,0
2022-11-03,0.02283241917638179,0
2022-11-04,-0.04616522098681097,0
2022-11-07,-0.04818728137479078,0
2022-11-08,0.04181088908744801,0
2022-11-09,0.016710081598860782,0
2022-11-10,0.08604038630377531,0
2022-11-11,-0.0557477453011318,0
2022-11-14,0.02030749795372011,0
2022-11-15,0.009364330140497312,0
2022-11-16,0.014797265077928667,0
2022-11-17,0.025493148194554838,0
2022-11-18,-0.0032591674383984914,0
2022-11-21,-0.012310047790718759,0
2022-11-22,0.0400519185116297,0
2022-11-23,-0.014542515374501241,0
2022-11-25,0.011527058909711174,0
2022-11-28,-0.022572229884047168,0
2022-11-29,-0.028250142686127577,0
2022-11-30,0.056692642667835136,0
2022-12-01,-0.03155138171988851,0
2022-12-02,-0.013424108026207622,0
2022-12-05,-0.03391869451287251,0
2022-12-06,-0.030944588401661432,0
2022-12-07,-0.004468735795940956,0
2022-12-08,0.0021544048071746352,0
2022-12-09,-0.0031920868487360908,0
2022-12-12,0.010138874373453791,0
2022-12-13,-0.00023372154782794725,0
2022-12-14,-0.013510913739809421,0
2022-12-15,-0.02585133905839745,0
2022-12-16,-0.001299379130399099,0
2022-12-19,0.005477836907884256,0
2022-12-20,-0.003802469210072191,0
2022-12-21,0.013544467869340744,0
2022-12-22,-0.017168470579013672,0
2022-12-23,0.006732258914484652,0
2022-12-27,8.08489193938332e-05,0
2022-12-28,-0.0008721502294543479,0
2022-12-29,0.017748104963417877,0
2022-12-30,-0.003978519371170199,0
2023-01-03,-0.016976353257005833,0
2023-01-04,-0.0041663092861891435,0
2023-01-05,-0.023891278553171965,0
2023-01-06,0.000971530356935842,0
2023-01-09,-0.024272694424449084,0
2023-01-10,0.007853594165911321,0
2023-01-11,0.019207046596554166,0
2023-01-12,0.0014796579421741105,0
2023-01-13,0.012105754669045489,0
2023-01-17,0.002520601855350705,0
2023-01-18,-0.008326364712405552,0
2023-01-19,-0.04623640307803962,0
2023-01-20,-0.003580569828311524,0
2023-01-23,0.0052529838398316046,0
2023-01-24,-0.009977733538792086,0
2023-01-25,-0.013402027787661936,0
2023-01-26,-0.006349504331339899,0
2023-01-27,-0.005513613857331821,0
2023-01-30,-0.0021553470123223013,0
2023-01-31,0.01954435296146697,0
2023-02-01,-0.003820501186483808,0
2023-02-02,-0.027771106278590387,0
2023-02-03,0.019470157259174226,0
2023-02-06,-0.0035874333351624183,0
2023-02-07,0.00400651178182564,0
2023-02-08,0.0004059986813531604,0
2023-02-09,0.006048837559459461,0
2023-02-10,0.01200823058810844,0
2023-02-13,0.013871438194881701,0
2023-02-14,-0.0051396129121671665,0
2023-02-15,-0.027509243289756322,0
2023-02-16,-0.021780904693474844,0
2023-02-17,0.008977521058184995,0
2023-02-21,-0.0013011224268520366,0
2023-02-22,0.0021747379199036796,0
2023-02-23,-0.00229789067189689,0
2023-02-24,-0.011742060948889804,0
2023-02-27,-0.010201681378053077,0
2023-02-28,-0.013407401444881248,0
2023-03-01,0.008112194714916187,0
2023-03-02,-0.0005509243650877338,0
2023-03-03,0.013962960412106292,0
2023-03-06,0.016142736255050884,0
2023-03-07,-0.013714956294980204,0
2023-03-08,-0.010427138602012756,0
2023-03-09,-0.002336030070210284,0
2023-03-10,-0.011922558227543154,0
2023-03-13,0.01590697027349269,0
2023-03-14,0.00935424940989801,0
2023-03-15,-0.009367784289590128,0
2023-03-16,-0.007401786673482883,0
2023-03-17,-0.035183726017710665,0
2023-03-20,0.026180341749584883,0
2023-03-21,0.02847299991378799,0
2023-03-22,-0.013440325056953807,0
2023-03-23,0.008073635625425804,0
2023-03-24,-0.008710800373119075,0
2023-03-27,-0.0028213096606263077,0
2023-03-28,-0.0017335477390713152,0
2023-03-29,0.01970388230268732,0
2023-03-30,0.008126326822513429,0
2023-03-31,0.014843495385862191,0
2023-04-03,0.004289165077591602,0
2023-04-04,-0.010122814792821294,0
2023-04-05,-0.015374614124659021,0
2023-04-06,0.004421514940677383,0
2023-04-10,0.01472557384043849,0
2023-04-11,-0.00699128869933077,0
2023-04-12,-0.014637011302047273,0
2023-04-13,0.004931183537798216,0
2023-04-14,0.007710006424371997,0
2023-04-17,0.008905457053927448,0
2023-04-18,0.016163494316834094,0
2023-04-19,0.004342969063187363,0
2023-04-20,-0.019555654816785024,0
2023-04-21,0.0019337372297691187,0
2023-04-24,0.0011683404030186932,0
2023-04-25,-0.022598345433435186,0
2023-04-26,0.01360735260744633,0
2023-04-27,0.012488047777249933,0
2023-04-28,0.014892840126547442,0
2023-05-01,0.001146051818125182,0
2023-05-02,-0.01200762496245214,0
2023-05-03,-0.004806997414574205,0
2023-05-04,-0.014542748950036384,0
2023-05-05,0.01538273780011735,0
2023-05-08,0.004320199747218591,0
2023-05-09,-0.004579116996258268,0
2023-05-10,-0.004425852024509871,0
2023-05-11,-0.005415232895951001,0
2023-05-12,-0.001057944808091865,0
2023-05-15,0.004852248030271922,0
2023-05-16,-0.00568026346879845,0
2023-05-17,0.015181028983780733,0
2023-05-18,0.008862252282223987,0
2023-05-19,0.001392739686944903,0
2023-05-22,-0.003371677148647694,0
2023-05-23,-0.014781131476605928,0
2023-05-24,-0.010639163974138747,0
2023-05-25,-0.002091589419641029,0
2023-05-26,0.006131835643711012,0
2023-05-30,0.0005377229768741717,0
2023-05-31,-0.008627503275631975,0
2023-06-01,0.012444491278988931,0
2023-06-02,0.008488092648047932,0
2023-06-05,0.026956036379147067,0
2023-06-06,-0.0004499553808831819,0
2023-06-07,-0.021769273867535133,0
2023-06-08,0.019892544285184968,0
2023-06-09,-0.008476994483157866,0
2023-06-12,0.02427877204297152,0
2023-06-13,0.015504638241905561,0
2023-06-14,0.012886318755732772,0
2023-06-15,0.01821589507296164,0
2023-06-16,0.005501410275202468,0
2023-06-20,-0.012327224429949324,0
2023-06-21,-0.007117507565664756,0
2023-06-22,0.025449589205528124,0
2023-06-23,-0.01514375134416446,0
2023-06-26,-0.0015924286473644618,0
2023-06-27,0.02164564636770724,0
2023-06-28,0.00330715732106533,0
2023-06-29,0.002807348190409205,0
2023-06-30,0.009892509385986275,0
2023-07-03,-0.0012791746565100693,0
2023-07-05,-0.0016460462128707952,0
2023-07-06,-0.00557636105425278,0
2023-07-07,-0.01079857653587819,0
2023-07-10,-0.0015692753608756065,0
2023-07-11,-0.002644406738000096,0
2023-07-12,0.007651301502446952,0
2023-07-13,0.0070988297678911015,0
2023-07-14,0.00326747141624036,0
2023-07-17,0.004631235553541295,0
2023-07-18,0.00572886863781243,0
2023-07-19,0.0007439649322768084,0
2023-07-20,0.0009090997345111511,0
2023-07-21,0.000478799519112392,0
2023-07-24,-0.000600949888122652,0
2023-07-25,0.0026405412836627874,0
2023-07-26,-0.001121638105520562,0
2023-07-27,0.0020525945279254902,0
2023-07-28,0.01295965033729337,0
2023-07-31,0.0008998252539341967,0
2023-08-01,0.010644731655541617,0
2023-08-02,-0.017541622084097278,0
2023-08-03,0.005388382198203276,0
2023-08-04,-0.0016543592664624994,0
2023-08-07,0.00952631145546445,0
2023-08-08,-0.007406975535251678,0
2023-08-09,-0.0162974662917909,0
2023-08-10,0.0005189108772064052,0
2023-08-11,-0.011153161821850364,0
2023-08-14,0.017367028837983772,0
2023-08-15,-0.009218904502494655,0
2023-08-16,-0.013578168526087599,0
2023-08-17,-0.009252018261024305,0
2023-08-18,-0.0005289776690579683,0
2023-08-21,0.012120692053831957,0
2023-08-22,-0.007348911075078614,0
2023-08-23,0.022180510034454825,0
2023-08-24,-0.023019397746350295,0
2023-08-25,0.006307024409861939,0
2023-08-28,0.012964265896496081,0
2023-08-29,0.018157346933340333,0
2023-08-30,0.002809464285309618,0
2023-08-31,0.003975957192076364,0
2023-09-01,-0.0003772237022039828,0
2023-09-05,0.0008240846804537555,0
2023-09-06,-0.0023239194141512006,0
2023-09-07,0.008852674117371747,0
2023-09-08,0.014730325881774385,0
2023-09-11,0.012462713495042133,0
2023-09-12,9.555066423618083e-05,0
2023-09-13,-0.0018590313754375336,0
2023-09-14,-0.0017507836380812104,0
2023-09-15,-0.02072608435170859,0
2023-09-18,0.0002316452565297119,0
2023-09-19,0.004859366829978987,0
2023-09-20,-0.009467597518947667,0
2023-09-21,-0.026355446109165345,0
2023-09-22,0.004092289837722481,0
2023-09-25,0.0033973732786698628,0
2023-09-26,-0.009522784932865264,0
2023-09-27,0.002551491855006239,0
2023-09-28,-0.0019499036617262899,0
2023-09-29,-0.00902707724029408,0
2023-10-02,0.0006614160642679322,0
2023-10-03,-0.026526191270556512,0
2023-10-04,0.012111290038715215,0
2023-10-05,0.004195551786160573,0
2023-10-06,0.009384261321994207,0
2023-10-09,-0.0011016078739265905,0
2023-10-10,0.002762474867529008,0
2023-10-11,0.00947070588979651,0
2023-10-12,-0.013759993214406178,0
2023-10-13,-0.007358915713125629,0
2023-10-16,0.00534489415018764,0
2023-10-17,0.00376512846767735,0
2023-10-18,-0.018633117580257055,0
2023-10-19,-0.03789615099083131,0
2023-10-20,-0.018374390505996673,0
2023-10-23,-0.0023661780602079966,0
2023-10-24,0.012153259040291877,0
2023-10-25,-0.022057305677513864,0
2023-10-26,-0.0015177494324177055,0
2023-10-27,-0.011147520020198403,0
2023-10-30,0.020454418442723915,0
2023-10-31,0.007714211010457064,0
2023-11-01,0.004811852696015149,0
2023-11-02,0.030897048858182608,0
2023-11-03,-0.007216659287821674,0
2023-11-06,0.030081819351847106,0
2023-11-07,0.00877025943591952,0
2023-11-08,0.015491071961950868,0
2023-11-09,-0.028217915044216262,0
2023-11-10,0.015461268455835016,0
2023-11-13,0.015143827566560124,0
2023-11-14,0.00997688905860341,0
2023-11-15,-0.017916513799887897,0
2023-11-16,-0.008225200520439522,0
2023-11-17,0.0019451827186730156,0
2023-11-20,0.011380625477773805,0
2023-11-21,-0.0040118479257832025,0
2023-11-22,0.003855070959603956,0
2023-11-24,0.007584415124438007,0
2023-11-27,-0.005828862476430321,0
2023-11-28,-0.002933723733202394,0
2023-11-29,0.0030061173318949325,0
2023-11-30,0.00443650292622475,0
2023-12-01,-0.0009614765592756388,0
2023-12-04,-0.02012007670491514,0
2023-12-05,0.01135120940164577,0
2023-12-06,-0.014537568952216357,0
2023-12-07,0.01397012280294753,0
2023-12-08,0.010414445835265868,0
2023-12-11,0.0073801164464940795,0
2023-12-12,0.014828389457532688,0
2023-12-13,0.018707418423864454,0
2023-12-14,-0.030296555094049504,0
2023-12-15,0.01216585983173501,0
2023-12-18,0.004001263888281226,0
2023-12-19,0.0043739663562763886,0
2023-12-20,-0.022034629909053475,0
2023-12-21,-0.002335706562320609,0
2023-12-22,-0.002063493742098791,0
2023-12-26,0.005733259897623489,0
2023-12-27,-0.006601869716969216,0
2023-12-28,-0.0032599903852736146,0
2023-12-29,-0.002437104530461457,0
2024-01-02,-0.00023121389828733262,0
2024-01-03,0.027107335224194815,0
2024-01-04,-0.0073732876704383325,0
2024-01-05,0.003188661635839248,0
2024-01-08,0.016001519855573066,0
2024-01-09,-0.0014125273916240585,0
2024-01-10,0.007079694106546052,0
2024-01-11,0.005001933711484618,0
2024-01-12,0.0083625335636855,0
2024-01-16,-0.012787820917936395,0
2024-01-17,-0.007771603690493534,0
2024-01-18,0.0038802854028540546,0
2024-01-19,0.010675852364486446,0
2024-01-22,0.006572553579236697,0
2024-01-23,0.0006187532517843164,0
2024-01-24,0.003091241564307689,0
2024-01-25,-0.007234716578634351,0
2024-01-26,0.009937858052668447,0
2024-01-29,0.005402709546236322,0
2024-01-30,-0.006045272182062274,0
2024-01-31,-0.005514402331382641,0
2024-02-01,0.01945028329556694,0
2024-02-02,0.010954949699717545,0
2024-02-05,0.028731011650358598,0
2024-02-06,-0.0013287759312563172,0
2024-02-07,0.023840461220763012,0
2024-02-08,0.010083829000848418,0
2024-02-09,0.006030086328173285,0
2024-02-12,-0.005781894524614209,0
2024-02-13,-0.002278844690062481,0
2024-02-14,0.01747914206451019,0
2024-02-15,-0.00040095227553225857,0
2024-02-16,0.014831072966224042,0
2024-02-20,-0.01821977992160048,0
2024-02-21,-0.012156617454757912,0
2024-02-22,0.027335351309239676,0
2024-02-23,0.0010601517355520826,0
2024-02-26,0.0052102880518702715,0
2024-02-27,-0.005246414119239397,0
2024-02-28,-0.003878965770553039,0
2024-02-29,-0.0016626088911083083,0
2024-03-01,0.030265246973601542,0
2024-03-04,0.014562842018460856,0
2024-03-05,-0.009784484537557082,0
2024-03-06,0.011198642455448857,0
2024-03-07,0.011377851631202788,0
2024-03-08,-0.04061177581041499,0
2024-03-11,-0.027953634978232847,0
2024-03-12,0.03487789410895802,0
2024-03-13,-0.002567751442453164,0
2024-03-14,-0.005697050861246242,0
2024-03-15,-0.006407888052448504,0
2024-03-18,0.010687077662472965,0
2024-03-19,0.0075290522289065956,0
2024-03-20,0.004915650575332314,0
2024-03-21,4.501576139398592e-05,0
2024-03-22,0.0024420994213731483,0
2024-03-25,0.0017919202131044492,0
2024-03-26,-0.002099244673594278,0
2024-03-27,-0.0006882049359933528,0
2024-03-28,-0.00018905487922924423,0
2024-04-01,0.006610381574137189,0
2024-04-02,-0.0055612169036623384,0
2024-04-03,0.005339906016464728,0
2024-04-04,-0.021186225048200058,0
2024-04-05,0.01705017620923669,0
2024-04-08,-0.007696365682118738,0
2024-04-09,-0.0020294488322917287,0
2024-04-10,-0.006907643259546104,0
2024-04-11,0.006670994177802156,0
2024-04-12,-0.018844841266466836,0
2024-04-15,-0.01006727872392564,0
2024-04-16,0.0049068627040236585,0
2024-04-17,-0.004093657786392483,0
2024-04-18,-0.008543018885085197,0
2024-04-19,-0.008663660197976663,0
2024-04-22,0.007662119093864133,0
2024-04-23,0.013528548828848703,0
2024-04-24,-0.0008576503995322429,0
2024-04-25,0.0021322555273081364,0
2024-04-26,0.0008412773862276942,0
2024-04-29,0.0005237840968633188,0
2024-04-30,-0.016608823535213,0
2024-05-01,-0.013219649270892878,0
2024-05-02,0.012040544823377533,0
2024-05-03,0.04363630381376731,0
2024-05-06,0.011222324844815189,0
2024-05-07,-0.0017070471763872622,0
2024-05-08,-0.007876524945631685,0
2024-05-09,0.008829415410332248,0
2024-05-10,0.007129958088837663,0
2024-05-13,-0.01566145220395672,0
2024-05-14,0.012861289072708039,0
2024-05-15,0.017667583893990944,0
2024-05-16,0.001600620101530754,0
2024-05-17,-0.010849110729710091,0
2024-05-20,-0.011839702818414123,0
2024-05-21,0.01216703669989247,0
2024-05-22,0.0022115413106616353,0
2024-05-23,-0.008771125356524747,0
2024-05-24,0.04999695289059044,0
2024-05-28,-0.004391938818445735,0
2024-05-29,0.0011510765540634184,0
2024-05-30,-0.013098772997744163,0
2024-05-31,-0.010780434875826538,0
2024-06-03,-0.00015392612500728553,0
2024-06-04,-0.013697412864257113,0
2024-06-05,0.008795387524960079,0
2024-06-06,0.0024346949418840706,0
2024-06-07,0.01269884029062575,0
2024-06-10,0.006986611847339723,0
2024-06-11,0.002703461453529659,0
2024-06-12,0.010335347085952018,0
2024-06-13,-0.003975328471567361,0
2024-06-14,-0.003864384236542168,0
2024-06-17,0.005665487875989663,0
2024-06-18,-0.002829726198384332,0
2024-06-20,-0.007010900196319598,0
2024-06-21,0.01425698183518865,0
2024-06-24,0.0005848810463101152,0
2024-06-25,0.004695682817249431,0
2024-06-26,0.00271041033012642,0
2024-06-27,0.018774680461728116,0
2024-06-28,-0.0039563246009814874,0
2024-07-01,0.00872254215973755,0
2024-07-02,0.0038621766317655532,0
2024-07-03,-0.000962624283417265,0
2024-07-05,0.020181783262097845,0
2024-07-08,0.0005261969357185704,0
2024-07-09,0.01056251884899244,0
2024-07-10,0.0030345347908656162,0
2024-07-11,-0.021706170472189992,0
2024-07-12,0.008052244687004464,0
2024-07-15,0.004819251654455528,0
2024-07-16,-0.005409862982581795,0
2024-07-17,-0.026268080041681487,0
2024-07-18,-0.03839372102441932,0
2024-07-19,-0.0023224409559699823,0
2024-07-22,0.005205248050053088,0
2024-07-23,0.009797962880635364,0
2024-07-24,-0.02804011698809509,0
2024-07-25,-0.03144698635070763,0
2024-07-26,-0.008516215095700467,0
2024-07-29,0.004260684348049384,0
2024-07-30,-0.02068383129298414,0
2024-07-31,0.014763062674363562,0
2024-08-01,0.008031122781734965,0
2024-08-02,-0.03749374499777486,0
2024-08-05,-0.0303373138105624,0
2024-08-06,0.012303505234236534,0
2024-08-07,-0.05256531711278789,0
2024-08-08,0.07940667047471683,0
2024-08-09,0.0376433843323248,0
2024-08-12,0.00679407941993667,0
2024-08-13,0.03191254748211318,0
2024-08-14,0.022561678193944494,0
2024-08-15,0.02210031635380091,0
2024-08-16,-0.005189701504304565,0
2024-08-19,0.0030056583132215707,0
2024-08-20,0.018448871460687105,0
2024-08-21,0.005826487208710403,0
2024-08-22,-0.007784519018102417,0
2024-08-23,0.004843179127434879,0
2024-08-26,-0.016039110708789214,0
2024-08-27,-0.00029116497822629815,0
2024-08-28,-0.0327808157371514,0
2024-08-29,-0.005870897628170878,0
2024-08-30,0.016453031745677776,0
2024-09-03,-0.009983804729907982,0
2024-09-04,-0.002075208786554089,0
2024-09-05,-0.019734722958241375,0
2024-09-06,-0.010232240637229023,0
2024-09-09,0.011254247147279456,0
2024-09-10,-0.004768771526124009,0
2024-09-11,0.015062586231394087,0
2024-09-12,0.014003815485985914,0
2024-09-13,-0.005842529420490963,0
2024-09-16,-0.0059578214733314065,0
2024-09-17,-0.014394484808261826,0
2024-09-18,-0.0005280908254798333,0
2024-09-19,0.012451669654104387,0
2024-09-20,0.006161279539613705,0
2024-09-23,0.0017613938590739743,0
2024-09-24,-0.0018379414207544834,0
2024-09-25,0.00247835001117145,0
2024-09-26,-0.011341859052757319,0
2024-09-27,-0.024277776055649312,0
2024-09-30,0.007931199289291244,0
2024-10-01,-0.00811778056334348,0
2024-10-02,0.002115578742803951,0
2024-10-03,-0.006758786486401519,0
2024-10-04,0.02001483816624323,0
2024-10-07,-0.0065719201072324904,0
2024-10-08,0.0019387831327326562,0
2024-10-09,0.016723563347736146,0
2024-10-10,-0.005622470933465508,0
2024-10-11,0.008563990725349663,0
2024-10-14,-0.005743615171309059,0
2024-10-15,-0.00744827016407589,0
2024-10-16,0.008044235169665374,0
2024-10-17,0.002798841299252822,0
2024-10-18,-0.0033419895904076456,0
2024-10-21,-0.004043373293771219,0
2024-10-22,2.947687636723464e-05,0
2024-10-23,-0.007603828829431283,0
2024-10-24,0.0020766451886196145,0
2024-10-25,-0.005246330362012699,0
2024-10-28,0.004337323004628942,0
2024-10-29,-0.002800118337433063,0
2024-10-30,-0.004036607990294053,0
2024-10-31,-0.01995887476191523,0
2024-11-01,-0.012826746477641912,0
2024-11-04,-0.010398732432167273,0
2024-11-05,0.0338282917197401,0
2024-11-06,0.00727786898014407,0
2024-11-07,0.024551830301236165,0
2024-11-08,0.01216295509306862,0
2024-11-11,-0.029561574489947295,0
2024-11-12,-0.010927567538392934,0
2024-11-13,-0.001964246735823681,0
2024-11-14,-0.0150784115792209,0
2024-11-15,0.0003984203517212242,0
2024-11-18,0.011188402849316678,0
2024-11-19,0.03183299047162794,0
2024-11-20,-0.0010599741011951816,0
2024-11-21,0.029722142316360875,0
2024-11-22,0.015337220656817606,0
2024-11-25,-0.0058823543951232096,0
2024-11-26,0.020571266508445808,0
2024-11-27,-0.007796984072193864,0
2024-11-29,0.009556007535705631,0
2024-12-02,0.004286676331630046,0
2024-12-03,-0.0018948789206235661,0
2024-12-04,0.005519294220592164,0
2024-12-05,0.00854069634188881,0
2024-12-06,0.004006235959383098,0
2024-12-09,-0.028439647536833368,0
2024-12-10,0.006938360281851796,0
2024-12-11,0.020764313804899626,0
2024-12-12,-0.004547461740043279,0
2024-12-13,-0.00784225852885434,0
2024-12-16,-0.014438719094952646,0
2024-12-17,0.0005492882187647652,0
2024-12-18,-0.04104975666241928,0
2024-12-19,0.007494889780392144,0
2024-12-20,0.013691708827786364,0
2024-12-23,0.0028780694634571446,0
2024-12-24,0.01181476124248082,0
2024-12-26,-0.005250836363164035,0
2024-12-27,-0.011508874302304073,0
2024-12-30,-0.009235019039899539,0
2024-12-31,-0.004498252324466323,0
2025-01-02,0.00039114393739430383,0
2025-01-03,0.01064261647664929,0
2025-01-06,-0.0035040547236499433,0
2025-01-07,-0.0031696091645612924,0
2025-01-08,0.008897119770971506,0
2025-01-10,0.0058294987987564245,0
2025-01-13,-0.009113168143768753,0
2025-01-14,-0.02623927526162872,0
2025-01-15,0.008795524650794305,0
2025-01-16,0.005489119760704368,0
2025-01-17,-0.0076296003469155434,0
2025-01-21,0.016479034852392573,0
2025-01-22,0.00869157954463565,0
2025-01-23,0.007679687400819987,0
2025-01-24,0.010829050623697569,0
2025-01-27,0.019492414714991815,0
2025-01-28,-0.00031198042654746467,0
2025-01-29,-0.00020802681536978432,0
2025-01-30,0.006725940909128268,0
2025-01-31,-0.006330427419825153,0
2025-02-03,-0.011734334312423142,0
2025-02-04,-0.0014531834280398486,0
2025-02-05,0.021704775059019955,0
2025-02-06,0.012363640917271164,0
2025-02-07,0.0017756235545228851,0
2025-02-10,0.012256671026181653,0
2025-02-11,-0.015029886865286229,0
2025-02-12,-0.0025491447880654347,0
2025-02-13,0.0052529147194433235,0
2025-02-14,-0.01202284139505675,0
2025-02-18,0.007098223389416752,0
2025-02-19,0.008103989399489397,0
2025-02-20,-0.030077218892962134,0
2025-02-21,-0.04953570801846123,0
2025-02-24,-0.01830694044973566,0
2025-02-25,0.016323143912637225,0
2025-02-26,0.02337865663691832,0
2025-02-27,-0.012379450520806417,0
2025-02-28,0.02094047111464292,0
2025-03-03,-0.01877805342607181,0
2025-03-04,-0.01626451012608851,0
2025-03-05,0.011474905062362427,0
2025-03-06,-0.035913589398262905,0
2025-03-07,-0.023611786941886707,0
2025-03-10,-0.04406491115730204,0
2025-03-11,0.016339884254561426,0
2025-03-12,0.01323066309699056,0
2025-03-13,-0.009317664293951736,0
2025-03-14,0.023452044724535565,0
2025-03-17,0.03184757549123663,0
2025-03-18,-0.02145205681186165,0
2025-03-19,0.026009801855376703,0
2025-03-20,0.001827491742953017,0
2025-03-21,-0.004489094327357308,0
2025-03-24,0.023069088193955943,0
2025-03-25,-0.015279889361934924,0
2025-03-26,-0.02533874304073799,0
2025-03-27,-0.016163576292929638,0
2025-03-28,-0.00217149643757378,0
2025-03-31,0.011822563157263807,0
2025-04-01,0.008196355816927549,0
2025-04-02,0.025603805577156698,0
2025-04-03,-0.0587186037363215,0
2025-04-04,-0.0711899201060252,0
2025-04-07,0.010387935096877202,0
2025-04-08,-0.004495458426122513,0
2025-04-09,0.09529345091698349,0
2025-04-10,-0.03655077384840597,0
2025-04-11,0.024179363657935785,0
2025-04-14,0.015467478924457326,0
2025-04-15,0.007312270542135207,0
2025-04-16,-0.01610222266714921,0
2025-04-17,0.042353756588230845,0
2025-04-21,-0.028314287500045714,0
2025-04-22,0.027960944663183038,0
2025-04-23,0.014264451990765824,0
2025-04-24,0.0405725969393224,0
2025-04-25,0.021659236877976155,0
2025-04-28,-0.003917567230218908,0
2025-04-29,0.007213107718570963,0
2025-04-30,0.005809853538588458,0
2025-05-01,0.002356901362110396,0
2025-05-02,0.021691406385681043,0
2025-05-05,-0.04277481120125397,0
2025-05-06,-0.0018790154081344446,0
2025-05-07,0.01145794356326486,0
2025-05-08,-0.006383867375449707,0
2025-05-09,0.0008150795257855937,0
2025-05-12,0.010146823495042284,0
2025-05-13,0.0027605419895433687,0
2025-05-14,-0.012358245306615912,0
2025-05-15,0.0018074033544154154,0
2025-05-16,0.012355374437921016,0
