,pred_vol,intraday_mom,pos,strategy_ret
2021-09-29,4.005798054273597,0.05086549302236976,1,0.05086549302236976
2021-09-30,3.9459799814543346,0.00020787971854874243,1,0.00020787971854874243
2021-10-01,4.039914339487341,0.08938792494264747,1,0.08938792494264747
2021-10-02,4.340563253444674,0.002285852489011475,1,0.002285852489011475
2021-10-03,4.261484591508494,-0.015497162892806449,0,-0.0
2021-10-04,4.1837912595836055,0.038528394036440705,1,0.038528394036440705
2021-10-05,4.119219638922725,0.0452117440843145,1,0.0452117440843145
2021-10-06,4.128374308497736,0.06351599155848864,1,0.06351599155848864
2021-10-07,4.255743311034826,-0.018152730196449474,0,-0.0
2021-10-08,4.233977512272501,0.014025125578659647,1,0.014025125578659647
2021-10-09,4.160791554429121,0.007009564543307478,1,0.007009564543307478
2021-10-10,4.0970814038486285,0.03370562738894267,1,0.03370562738894267
2021-10-11,4.030297584554747,0.004165398095372863,1,0.004165398095372863
2021-10-12,4.04405217175903,-0.007768831391345876,0,-0.0
2021-10-13,4.012871142693503,0.03165723393679354,1,0.03165723393679354
2021-10-14,3.966136152961017,0.02371505631320625,1,0.02371505631320625
2021-10-15,3.8932761975486088,0.037252504521305685,1,0.037252504521305685
2021-10-16,4.0529886055337725,-0.012526105176590696,0,-0.0
2021-10-17,3.9891904387864487,0.009390530516217632,1,0.009390530516217632
2021-10-18,3.9158997583868285,0.007678574763781976,1,0.007678574763781976
2021-10-19,3.8906180351974355,0.02023738398376973,1,0.02023738398376973
2021-10-20,3.87172090091465,0.01892420110656956,1,0.01892420110656956
2021-10-21,3.8266689925290605,-0.028081173354398414,0,-0.0
2021-10-22,3.97268706745163,-0.03199251932809899,0,-0.0
2021-10-23,3.9330370108941906,0.0010499307476850017,1,0.0010499307476850017
2021-10-24,3.8588638077329604,0.020429953962264102,1,0.020429953962264102
2021-10-25,3.793507157055672,0.01066483843625754,1,0.01066483843625754
2021-10-26,3.7751353099265494,-0.03258707470516442,0,-0.0
2021-10-27,3.8220217003751276,-0.030396742360253692,0,-0.0
2021-10-28,3.819930651994875,0.04713980127728257,1,0.04713980127728257
2021-10-29,3.8098959446652807,0.00046700254094789173,1,0.00046700254094789173
2021-10-30,3.783834612671378,0.0032509966875691187,1,0.0032509966875691187
2021-10-31,3.712684960016221,-0.022402050527359663,0,-0.0
2021-11-01,3.6497541757757856,0.019676991175535452,1,0.019676991175535452
2021-11-02,3.591223205398518,0.034718426442115646,1,0.034718426442115646
2021-11-03,3.621203030229448,-0.012751870182089009,0,-0.0
2021-11-04,3.553755282221738,-0.0033849692443634893,0,-0.0
2021-11-05,3.5490439091613535,-0.017289300506260652,0,-0.0
2021-11-06,3.4811899004568345,0.006531076218514897,1,0.006531076218514897
2021-11-07,3.4062418021873877,0.030283728278041044,1,0.030283728278041044
2021-11-08,3.3880781099656554,0.04751403331186155,1,0.04751403331186155
2021-11-09,3.6341264221864624,-0.023655463416063505,0,-0.0
2021-11-10,3.5775337835930365,-0.030058484902779847,0,-0.0
2021-11-11,3.5918234871899397,0.005541156188787255,1,0.005541156188787255
2021-11-12,3.5327404680923844,-0.019736886642718332,0,-0.0
2021-11-13,3.4821044515140227,0.010714831092157207,1,0.010714831092157207
2021-11-14,3.413140436215147,0.004432003910250559,1,0.004432003910250559
2021-11-15,3.3667877696923876,-0.06930373013653657,0,-0.0
2021-11-16,3.3832248919744794,-0.030146314379960182,0,-0.0
2021-11-17,3.5580856715772784,0.004568444383270087,1,0.004568444383270087
2021-11-18,3.491045720809777,-0.05712151967566481,0,-0.0
2021-11-19,3.657572487243915,0.040134640662190524,1,0.040134640662190524
2021-11-20,3.6124986047561682,0.020278285216738023,1,0.020278285216738023
2021-11-21,3.590713355489155,-0.026856045217457658,0,-0.0
2021-11-22,3.5487145544164727,-0.0049824585862028314,0,-0.0
2021-11-23,3.61766732241353,-0.004287674747735726,0,-0.0
2021-11-24,3.5824939199736527,0.012265527695352274,1,0.012265527695352274
2021-11-25,3.5604942060335567,0.009940166243872062,1,0.009940166243872062
2021-11-26,3.517050488118264,-0.05753459795231419,0,-0.0
2021-11-27,3.735087515952299,0.004228985052757039,1,0.004228985052757039
2021-11-28,3.695565540675149,-0.0002009454202933636,0,-0.0
2021-11-29,3.7396672970664233,-0.0016068110644904543,0,-0.0
2021-11-30,3.6806688217308174,-0.003101713137641293,0,-0.0
2021-12-01,3.6289428322729282,-0.009549493525091601,0,-0.0
2021-12-02,3.5675843942925374,0.0016013086404336185,1,0.0016013086404336185
2021-12-03,3.5203178503676513,-0.11161273414536454,0,-0.0
2021-12-04,3.6491029338193113,-0.021704108846715697,0,-0.0
2021-12-05,4.00123585870116,-0.00852393116915473,0,-0.0
2021-12-06,3.9178365537514774,0.03950664243378976,1,0.03950664243378976
2021-12-07,3.8758778668957827,-0.014178308039813348,0,-0.0
2021-12-08,3.803679347056495,-0.008498776825314747,0,-0.0
2021-12-09,3.735446368084373,-0.03334649730406025,0,-0.0
2021-12-10,3.8466843104171033,0.007783550595672928,1,0.007783550595672928
2021-12-11,3.774505452130022,0.01693122803508995,1,0.01693122803508995
2021-12-12,3.8172449203776,-0.0204477412894164,0,-0.0
2021-12-13,3.7517621745113763,-0.04115828959074053,0,-0.0
2021-12-14,3.9140854147083397,0.0264321303221684,1,0.0264321303221684
2021-12-15,3.824217441256818,0.010553265141771906,1,0.010553265141771906
2021-12-16,3.874189705448053,-0.01721366520634071,0,-0.0
2021-12-17,3.836606990800429,-0.03154335271087816,0,-0.0
2021-12-18,3.7841119264488627,0.009247187644914723,1,0.009247187644914723
2021-12-19,3.6993911383926976,0.0064227454205862955,1,0.0064227454205862955
2021-12-20,3.551226967996613,0.03398955113010804,1,0.03398955113010804
2021-12-21,3.229486229388334,0.015663198010664292,0,0.0
2021-12-22,3.2874571063970515,-0.01936804556233407,0,-0.0
2021-12-23,3.2064833214359005,0.05371202413921394,0,0.0
2021-12-24,3.1631751682266276,-0.0011944804412163945,0,-0.0
2021-12-25,3.100362621284992,-0.00962753638017444,0,-0.0
2021-12-26,3.0360952272076314,0.004356321596997725,0,0.0
2021-12-27,3.0648443967612944,-0.038178445546504625,0,-0.0
2021-12-28,2.990377154243853,-0.02576128164363456,0,-0.0
2021-12-29,3.0862174996046687,-0.02237100474436937,0,-0.0
2021-12-30,3.0741828427670965,0.013441762207450081,0,0.0
2021-12-31,3.056244253835281,-0.014023286991586725,0,-0.0
2022-01-01,3.0592127947323666,0.022206827285585984,0,0.0
2022-01-02,3.0855229447744095,-0.009942352327789616,0,-0.0
2022-01-03,3.0818071646417224,-0.015593431283088321,0,-0.0
2022-01-04,2.957147653380236,0.006834036159672152,0,0.0
2022-01-05,2.953453199107094,-0.07300811165330523,0,-0.0
2022-01-06,3.0662742197453245,-0.03185902154805065,0,-0.0
2022-01-07,3.0659424573089225,0.004936406175424457,0,0.0
2022-01-08,3.039049155648147,-0.005134133779602701,0,-0.0
2022-01-09,3.044571545236703,0.00783020708532356,0,0.0
2022-01-10,3.0509332539963228,0.0027676710620216927,0,0.0
2022-01-11,3.0635177438195003,0.007700551993788718,0,0.0
2022-01-12,3.043086160771543,0.023425752171697622,0,0.0
2022-01-13,3.0049215002470824,-0.021335241777284852,0,-0.0
2022-01-14,3.055285417235819,0.0051454426230121975,0,0.0
2022-01-15,3.079344209629342,0.003795249823862701,0,0.0
2022-01-16,3.0955377191394153,-0.011123007306687027,0,-0.0
2022-01-17,3.123562664957518,-0.013271482006396162,0,-0.0
2022-01-18,3.1458370739781696,-0.008129706353047772,0,-0.0
2022-01-19,3.1696333210845453,0.004394167410252781,0,0.0
2022-01-20,2.955294708948946,-0.07273563760370327,0,-0.0
2022-01-21,3.0338096708300584,-0.06567764824017674,0,-0.0
2022-01-22,3.293110459657659,-0.03408961321638748,0,-0.0
2022-01-23,3.305314935870529,-0.03162658530501661,0,-0.0
2022-01-24,3.325494553724745,0.022914604312453735,1,0.022914604312453735
2022-01-25,3.3214221183545987,0.05176279386154925,1,0.05176279386154925
2022-01-26,3.3238866095744823,-0.04951631610095386,0,-0.0
2022-01-27,3.2748239177247767,0.03598229555210364,0,0.0
2022-01-28,3.20086875606942,0.016354652656986435,0,0.0
2022-01-29,3.1224559451329466,0.009115599991650347,0,0.0
2022-01-30,3.1508267643546244,-0.026045383470619576,0,-0.0
2022-01-31,3.0667185891278264,0.04487080018338907,0,0.0
2022-02-01,2.7941865581529934,-0.00355098760951833,0,-0.0
2022-02-02,2.765146810794044,-0.0394055787152956,0,-0.0
2022-02-03,2.887610417867105,0.010995510477988635,0,0.0
2022-02-04,2.8813216723282244,0.11185044130724786,0,0.0
2022-02-05,3.2984959202991426,-0.0021725509097482165,0,-0.0
2022-02-06,3.291411148411608,0.010372635585983003,0,0.0
2022-02-07,3.298303236058992,0.03646657953696786,0,0.0
2022-02-08,3.3056279375923237,-0.02061064026611925,0,-0.0
2022-02-09,3.313434180054336,0.007449203184960673,0,0.0
2022-02-10,3.320265199490006,-0.016158444758819,0,-0.0
2022-02-11,3.32192144481398,-0.018750156547004515,0,-0.0
2022-02-12,3.3189714699122117,-0.0018672620735279422,0,-0.0
2022-02-13,3.321076569038829,-0.002698028035162725,0,-0.0
2022-02-14,3.3247799049792452,0.03594268915010512,1,0.03594268915010512
2022-02-15,3.3177770962508677,0.010059954051325315,1,0.010059954051325315
2022-02-16,3.3334592203599755,-0.006497063242726364,0,-0.0
2022-02-17,3.200204078569575,-0.0710138152754003,0,-0.0
2022-02-18,3.3615313200824,-0.006943251912163939,0,-0.0
2022-02-19,3.360290122510141,-0.0036436059002313836,0,-0.0
2022-02-20,3.3543117515704814,0.024053813952967573,1,0.024053813952967573
2022-02-21,3.237539905532013,-0.06915294105064285,0,-0.0
2022-02-22,3.3483352803716513,0.036473249570739386,1,0.036473249570739386
2022-02-23,3.3622756875707025,-0.07719928139505272,0,-0.0
2022-02-24,3.360782851424517,0.10368029125549816,1,0.10368029125549816
2022-02-25,3.3585077569372386,0.016283621573249807,1,0.016283621573249807
2022-02-26,3.354991525480291,-0.005985754878664484,0,-0.0
2022-02-27,3.345941238064515,0.0025226320907432154,1,0.0025226320907432154
2022-02-28,3.344563215145536,0.1463743527329291,1,0.1463743527329291
2022-03-01,3.472608028376156,0.02091142887577946,1,0.02091142887577946
2022-03-02,3.4658537078523524,-0.019000564525234354,0,-0.0
2022-03-03,3.4562158308779405,-0.0474578970968309,0,-0.0
2022-03-04,3.4515325900603493,-0.060608726100319865,0,-0.0
2022-03-05,3.4841672418347027,0.013611917077252844,1,0.013611917077252844
2022-03-06,3.482530203870248,-0.01280973448015732,0,-0.0
2022-03-07,3.528438218975196,0.016107676868195364,1,0.016107676868195364
2022-03-08,3.517279120637659,0.07948423231836421,1,0.07948423231836421
2022-03-09,3.5104977197245133,-0.05031063206663944,0,-0.0
2022-03-10,3.5559846792980467,-0.027156463959980726,0,-0.0
2022-03-11,3.5762023662543734,0.01568181105247879,1,0.01568181105247879
2022-03-12,3.5653872356325325,-0.007676169155933388,0,-0.0
2022-03-13,3.5533153661116335,0.009920326107096589,1,0.009920326107096589
2022-03-14,3.5476011521490727,0.016082203169055065,1,0.016082203169055065
2022-03-15,3.556769505945077,0.010379458067391711,1,0.010379458067391711
2022-03-16,3.5463002118256877,0.04850750463482467,1,0.04850750463482467
2022-03-17,3.5503736234191057,-0.011810214855015766,0,-0.0
2022-03-18,3.5417602317293393,0.031157693317732882,1,0.031157693317732882
2022-03-19,3.534652732015409,0.009907950967444012,1,0.009907950967444012
2022-03-20,3.721854685186559,-0.010373662571375064,0,-0.0
2022-03-21,3.519710909214308,0.034439742844497134,1,0.034439742844497134
2022-03-22,3.512439486510813,-0.0039397936672690426,0,-0.0
2022-03-23,3.510577736250351,0.015420462601998475,1,0.015420462601998475
2022-03-24,3.5051810975779096,0.029245127859117037,1,0.029245127859117037
2022-03-25,3.5029851292085037,0.010830261660978335,1,0.010830261660978335
2022-03-26,3.498544722431599,0.0026818825361112353,1,0.0026818825361112353
2022-03-27,3.456087639639862,0.005449049348429824,1,0.005449049348429824
2022-03-28,3.4662179530202097,0.007356431852986178,1,0.007356431852986178
2022-03-29,3.47837946160369,0.0019185043183238548,1,0.0019185043183238548
2022-03-30,3.471415390621616,-0.007124905556591732,0,-0.0
2022-03-31,3.468357642146343,-0.052981268277317084,0,-0.0
2022-04-01,3.4703427822261035,0.044598781346258276,1,0.044598781346258276
2022-04-02,3.46477870712032,-0.01694328783403165,0,-0.0
2022-04-03,3.412321313130444,-0.00867887868827022,0,-0.0
2022-04-04,3.443422069314142,0.013885747226989986,1,0.013885747226989986
2022-04-05,3.4374428083999486,-0.03093228484765742,0,-0.0
2022-04-06,3.433652546592025,-0.04254390621543913,0,-0.0
2022-04-07,3.44358078573319,0.007565696845909242,1,0.007565696845909242
2022-04-08,3.4347591922142087,-0.02787833995768485,0,-0.0
2022-04-09,3.4338153932534152,0.009046986020524228,1,0.009046986020524228
2022-04-10,3.4287417092733814,-0.0010665000867998709,0,-0.0
2022-04-11,3.4230387519858136,-0.05619810930369862,0,-0.0
2022-04-12,3.4426681992489434,0.008067429501815937,1,0.008067429501815937
2022-04-13,3.4315826082651633,0.031031985341278823,1,0.031031985341278823
2022-04-14,3.427853081851468,-0.027344178209402492,0,-0.0
2022-04-15,3.424976630397934,0.0062394547492750085,1,0.0062394547492750085
2022-04-16,3.4188262555665214,-0.001458960343030058,0,-0.0
2022-04-17,3.413268348079447,0.003703108161102975,1,0.003703108161102975
2022-04-18,3.4052929096793583,0.02209292397631435,1,0.02209292397631435
2022-04-19,3.4063822791504004,0.017333479437407595,1,0.017333479437407595
2022-04-20,3.3992277280161116,0.007222677860887483,1,0.007222677860887483
2022-04-21,3.3901560752782185,-0.028977004497155012,0,-0.0
2022-04-22,3.3831655469903334,-0.025056916116679262,0,-0.0
2022-04-23,3.386890101505669,-0.0006616529930111303,0,-0.0
2022-04-24,3.380626012070234,-0.005121662285008433,0,-0.0
2022-04-25,3.3736339662298698,0.032404043367713964,1,0.032404043367713964
2022-04-26,3.3664962825420606,-0.05425203452527738,0,-0.0
2022-04-27,3.3812986328413763,0.026180395498626163,1,0.026180395498626163
2022-04-28,3.380260664534879,0.004228560800362269,1,0.004228560800362269
2022-04-29,3.3715935898322758,-0.02186024894300287,0,-0.0
2022-04-30,3.3780037968921084,-0.026329443557556842,0,-0.0
2022-05-01,3.368750763954507,0.005388685943068294,1,0.005388685943068294
2022-05-02,3.366088367129647,-0.004517402938018167,0,-0.0
2022-05-03,3.3648989662363613,-0.013041275121505547,0,-0.0
2022-05-04,3.3602256313569585,0.04545471291760261,1,0.04545471291760261
2022-05-05,3.369716558985618,-0.08260598464506153,0,-0.0
2022-05-06,3.3970945428287136,-0.017698908639101063,0,-0.0
2022-05-07,3.3871865913381907,-0.009578801444543483,0,-0.0
2022-05-08,3.388338246946816,-0.014027653349685698,0,-0.0
2022-05-09,3.3974872162281553,-0.08694487349390212,0,-0.0
2022-05-10,3.4597409251511215,0.02010576070091097,1,0.02010576070091097
2022-05-11,3.463158670022695,-0.09464063274332601,0,-0.0
2022-05-12,3.395876877379126,0.07267965809560661,1,0.07267965809560661
2022-05-13,3.381092587401962,-0.03244850040226632,0,-0.0
2022-05-14,3.36842494161124,0.01801753572182463,1,0.01801753572182463
2022-05-15,3.3626194502882747,-0.032383326143571534,0,-0.0
2022-05-16,3.3662247250295603,0.0010204381446448085,1,0.0010204381446448085
2022-05-17,3.3694609411676764,-0.017279302271200336,0,-0.0
2022-05-18,3.4288528579224375,-0.02126796256811736,0,-0.0
2022-05-19,3.4450639004029298,0.033366355408744885,1,0.033366355408744885
2022-05-20,3.4631829636344236,-0.030349416996788503,0,-0.0
2022-05-21,3.4104802386457043,0.006365699549384152,1,0.006365699549384152
2022-05-22,3.3966222960152295,-0.0046699032332639945,0,-0.0
2022-05-23,3.3913201568427103,-0.028356364908289078,0,-0.0
2022-05-24,3.3901328912846216,0.030740106527353817,1,0.030740106527353817
2022-05-25,3.385393393370595,-0.01242625278302334,0,-0.0
2022-05-26,3.3737466507476346,-0.02833594450464294,0,-0.0
2022-05-27,3.3621690808601143,-0.006572977299938221,0,-0.0
2022-05-28,3.353669652920516,0.007660361130814364,1,0.007660361130814364
2022-05-29,3.343890709048753,0.030407768783865752,1,0.030407768783865752
2022-05-30,3.338270010100757,0.04560839340530087,1,0.04560839340530087
2022-05-31,3.381026333135491,-0.005320763031981812,0,-0.0
2022-06-01,3.374368141681728,-0.060331488217618245,0,-0.0
2022-06-02,3.4247547294056635,0.024486649874055466,1,0.024486649874055466
2022-06-03,3.421015851599081,-0.03196950439728208,0,-0.0
2022-06-04,3.4137443028431576,0.010644159427705802,1,0.010644159427705802
2022-06-05,3.3766158015175605,0.04443895840107248,1,0.04443895840107248
2022-06-06,3.3652610559598957,-0.055358158862074514,0,-0.0
2022-06-07,3.372027678048526,0.014299840229779592,1,0.014299840229779592
2022-06-08,3.3624497141649057,0.007945994539521939,1,0.007945994539521939
2022-06-09,3.3568439277613042,-0.00599584311113921,0,-0.0
2022-06-10,3.348569464076697,-0.027991663443428405,0,-0.0
2022-06-11,3.358952423738789,-0.029500970545864535,0,-0.0
2022-06-12,3.3490775174922995,-0.04009346568656991,0,-0.0
2022-06-13,3.3575283616652745,-0.13568444588583406,0,-0.0
2022-06-14,3.4961801780059636,-0.03066027596013332,0,-0.0
2022-06-15,3.486896557763165,0.036086498885328444,1,0.036086498885328444
2022-06-16,3.890748847497253,-0.08256160317923966,0,-0.0
2022-06-17,3.9579820546463917,0.003629940622858152,1,0.003629940622858152
2022-06-18,3.912506988485671,-0.07235288099034465,0,-0.0
2022-06-19,3.9276123902524116,-0.029103184593129994,0,-0.0
2022-06-20,3.9674063163165396,0.03197271309002914,1,0.03197271309002914
2022-06-21,4.010006418638658,-0.014584579878622272,0,-0.0
2022-06-22,3.9800789004639814,-0.004478963214641807,0,-0.0
2022-06-23,3.9274127100749654,0.04264148420690339,1,0.04264148420690339
2022-06-24,3.961365908560289,0.01096118893755782,1,0.01096118893755782
2022-06-25,4.143043375204684,0.008980179340513983,1,0.008980179340513983
2022-06-26,4.100865943258831,0.006681126744484622,1,0.006681126744484622
2022-06-27,4.064290420474858,-0.021229929797405678,0,-0.0
2022-06-28,4.020496085920816,-0.022257672916661586,0,-0.0
2022-06-29,4.040356768376305,-0.010147974009022231,0,-0.0
2022-06-30,4.031906082638448,-0.017976878036129462,0,-0.0
2022-07-01,4.118732830362916,-0.031180466985659572,0,-0.0
2022-07-02,4.091885667200421,0.006262961687319768,1,0.006262961687319768
2022-07-03,4.051901022514368,-0.010898667019156205,0,-0.0
2022-07-04,3.9985847481009964,0.06377514923143845,1,0.06377514923143845
2022-07-05,4.048814889437591,-0.017567388397400796,0,-0.0
2022-07-06,4.071171542370856,0.026889915566678635,1,0.026889915566678635
2022-07-07,4.062511897346372,0.080578294422194,1,0.080578294422194
2022-07-08,4.0856470363709825,-0.022993080367238128,0,-0.0
2022-07-09,4.028299458254329,-0.0008822848678424755,0,-0.0
2022-07-10,4.018027614838642,-0.015565941589350984,0,-0.0
2022-07-11,4.031531784994087,-0.028952704019963194,0,-0.0
2022-07-12,3.990309032546588,-0.02332128332580219,0,-0.0
2022-07-13,4.0081629562759735,0.03873667543189985,1,0.03873667543189985
2022-07-14,3.9955557421578565,0.019569959735688647,1,0.019569959735688647
2022-07-15,3.9625232794922223,0.006521120702628558,1,0.006521120702628558
2022-07-16,3.9065747573748917,0.02197887527732223,1,0.02197887527732223
2022-07-17,3.8552534678849386,0.02341170099279788,1,0.02341170099279788
2022-07-18,3.839305472818764,0.029227721283081154,1,0.029227721283081154
2022-07-19,4.04793412784871,0.07040405124329596,1,0.07040405124329596
2022-07-20,4.069773064474854,-0.02837604649922676,0,-0.0
2022-07-21,4.046641877002354,0.005963556531284331,1,0.005963556531284331
2022-07-22,3.9878757611355353,-0.0043661184321082125,0,-0.0
2022-07-23,3.9345949736862966,-0.015983530393559486,0,-0.0
2022-07-24,3.8764487890185397,-0.03164451025488657,0,-0.0
2022-07-25,3.829816699013975,-0.0332319721980886,0,-0.0
2022-07-26,3.830461011025419,-0.003012441458914772,0,-0.0
2022-07-27,3.8745237253503935,0.09777277165666654,1,0.09777277165666654
2022-07-28,3.899823844458344,0.03379926177571457,1,0.03379926177571457
2022-07-29,3.9853641619098252,-0.004285953177257551,0,-0.0
2022-07-30,3.948260510410818,-0.006897927304488016,0,-0.0
2022-07-31,3.927208128230935,0.004047056803056837,1,0.004047056803056837
2022-08-01,3.866549333213216,-0.022370511326584075,0,-0.0
2022-08-02,3.5761589660771347,0.0006471231677969147,1,0.0006471231677969147
2022-08-03,3.5768070580242317,0.010118310026663524,1,0.010118310026663524
2022-08-04,3.550620992633884,0.0031626788313932064,1,0.0031626788313932064
2022-08-05,3.5345642437215883,4.703275119166683e-05,1,4.703275119166683e-05
2022-08-06,3.5304826229742083,-0.009222577255751596,0,-0.0
2022-08-07,3.5184943144186382,0.005541784259538218,1,0.005541784259538218
2022-08-08,3.5060124724423254,0.022762105920414166,1,0.022762105920414166
2022-08-09,3.5100433820962627,-0.0405681444895345,0,-0.0
2022-08-10,3.505609240148169,0.0640814125904765,1,0.0640814125904765
2022-08-11,3.5096907002641644,-0.01309330649633389,0,-0.0
2022-08-12,3.4807925259176287,0.03269711332757308,1,0.03269711332757308
2022-08-13,3.4682202850309007,-0.014296763438784277,0,-0.0
2022-08-14,3.6729451902294246,0.023430852158169646,1,0.023430852158169646
2022-08-15,3.4108570229529027,-0.03151855436355544,0,-0.0
2022-08-16,3.3942979782915823,-0.003415955822131278,0,-0.0
2022-08-17,3.3741715379774635,-0.023860822627568612,0,-0.0
2022-08-18,3.3651754147092605,-0.0287290950778768,0,-0.0
2022-08-19,3.337445912746244,-0.07133547612552604,0,-0.0
2022-08-20,3.691578830976682,-0.0003040908016079813,0,-0.0
2022-08-21,3.68287251301203,-0.004716365047677362,0,-0.0
2022-08-22,3.6680203540642835,-0.008236145170231302,0,-0.0
2022-08-23,3.66507381529652,0.0012219153700001595,1,0.0012219153700001595
2022-08-24,3.649243613050676,0.009584204756500903,1,0.009584204756500903
2022-08-25,3.640110290241105,0.0039442301600611795,1,0.0039442301600611795
2022-08-26,3.6279252969101363,-0.06249187989294436,0,-0.0
2022-08-27,3.6472653159023216,-0.00811902557832167,0,-0.0
2022-08-28,3.633471915617446,0.01664500148415038,1,0.01664500148415038
2022-08-29,3.621974745113393,0.020478490864639154,1,0.020478490864639154
2022-08-30,3.6203248416587464,0.006278797552802917,1,0.006278797552802917
2022-08-31,3.616843920647863,-0.0185467747414092,0,-0.0
2022-09-01,3.60563832381094,0.006664878577240296,1,0.006664878577240296
2022-09-02,3.5997756083752575,-0.012678500727845377,0,-0.0
2022-09-03,3.587553038912894,-0.0032422143137832427,0,-0.0
2022-09-04,3.575796295442642,-0.0059073628326545835,0,-0.0
2022-09-05,3.565592844010786,-0.0050096653048746775,0,-0.0
2022-09-06,3.554572350868523,-0.05257128013657164,0,-0.0
2022-09-07,3.568246384020808,0.025044433586457027,1,0.025044433586457027
2022-09-08,3.563680581866842,0.038244575444205786,1,0.038244575444205786
2022-09-09,3.55462247379339,0.06804238734033574,1,0.06804238734033574
2022-09-10,3.625778555024667,0.015506850086065782,1,0.015506850086065782
2022-09-11,3.619115048774793,-0.007554056858364522,0,-0.0
2022-09-12,3.6086988212731077,0.026455788464476715,1,0.026455788464476715
2022-09-13,3.6050633027465917,-0.08619945315872779,0,-0.0
2022-09-14,3.648919971019545,-0.014457186378834974,0,-0.0
2022-09-15,3.643265144481838,-0.014231652521218274,0,-0.0
2022-09-16,3.6373210971659717,0.0071307530946354,1,0.0071307530946354
2022-09-17,3.6305867252050645,0.01142095669118115,1,0.01142095669118115
2022-09-18,3.6244746404261887,-0.033090530054115774,0,-0.0
2022-09-19,3.6225164760207007,0.03163424512105428,1,0.03163424512105428
2022-09-20,3.6147537691020393,-0.018391882129710435,0,-0.0
2022-09-21,3.6132848826746473,-0.017962593254176817,0,-0.0
2022-09-22,3.608134711100868,0.03742006785071972,1,0.03742006785071972
2022-09-23,3.6155003263320973,-0.013935176471498334,0,-0.0
2022-09-24,3.6085582182381835,-0.01043935988520528,0,-0.0
2022-09-25,3.6043080352346397,0.004108294618449415,1,0.004108294618449415
2022-09-26,3.4145578651872697,0.06426323999520389,1,0.06426323999520389
2022-09-27,3.3587463595208535,-0.06729990306895228,0,-0.0
2022-09-28,3.2822089652675785,0.040641241638773806,0,0.0
2022-09-29,3.5678661581056663,-0.005846272098385841,0,-0.0
2022-09-30,3.560702860552597,0.0006683940655864973,1,0.0006683940655864973
2022-10-01,3.499871657217401,-0.0052668875666022075,0,-0.0
2022-10-02,3.477258223594026,0.0057865518415547434,1,0.0057865518415547434
2022-10-03,3.46631178295525,0.0226577513661943,1,0.0226577513661943
2022-10-04,3.482338170168403,0.030200888678505233,1,0.030200888678505233
2022-10-05,3.506616710942945,0.00813995766838893,1,0.00813995766838893
2022-10-06,3.493179891947722,-0.018428147231807857,0,-0.0
2022-10-07,3.4768383796748297,-0.02404441524612566,0,-0.0
2022-10-08,3.171718348944043,-0.004387041999633912,0,-0.0
2022-10-09,3.0975666581639367,0.0005657650429209404,0,0.0
2022-10-10,3.021659081993439,-0.021022107969151715,0,-0.0
2022-10-11,2.9579581095471887,0.00033665117686099144,0,0.0
2022-10-12,2.8860169657018964,0.0020569110215362674,0,0.0
2022-10-13,3.3059363246191666,0.03828703514512921,0,0.0
2022-10-14,3.274907697332155,-0.03084408703076824,0,-0.0
2022-10-15,3.183502750865003,-0.007060070741294444,0,-0.0
2022-10-16,3.165161661909883,-0.003771231999817215,0,-0.0
2022-10-17,3.154257230351472,0.018491794738213052,0,0.0
2022-10-18,3.150211807006283,-0.013591359964644334,0,-0.0
2022-10-19,3.133033176605149,-0.012579503467945896,0,-0.0
2022-10-20,3.1046374906758603,0.0005692954391240956,0,0.0
2022-10-21,3.0538120092743606,0.005664012262402984,0,0.0
2022-10-22,2.986477536502686,0.003021214292129315,0,0.0
2022-10-23,2.9064795118216793,-0.009098619470473523,0,-0.0
2022-10-24,2.86922338597101,-0.0025416964031567124,0,-0.0
2022-10-25,2.6020321564554005,0.0472396697632822,0,0.0
2022-10-26,2.9250463647978435,0.024830925982603835,0,0.0
2022-10-27,2.9648358134192274,-0.023050447674978214,0,-0.0
2022-10-28,2.9952572596437554,0.022971979526153152,0,0.0
2022-10-29,2.948541030852175,0.0023842302878598343,0,0.0
2022-10-30,2.898835423869257,-0.005128165353884162,0,-0.0
2022-10-31,2.857468340741542,-0.0020491144219646484,0,-0.0
2022-11-01,2.810662107659861,0.0018907191666772682,0,0.0
2022-11-02,2.7624279111548122,-0.010028916538768584,0,-0.0
2022-11-03,2.738254734789568,0.00058648658098015,0,0.0
2022-11-04,2.693731019111386,0.05556927988913807,0,0.0
2022-11-05,2.928928901213956,-0.006898876467357429,0,-0.0
2022-11-06,2.890797822749528,-0.000791047674252976,0,-0.0
2022-11-07,2.876047523303802,-0.060409969383850015,0,-0.0
2022-11-08,2.875153941800451,-0.072582613116421,0,-0.0
2022-11-09,3.8726113104535114,-0.10054895736412905,0,-0.0
2022-11-10,7.4646828923462225,0.03512781244885277,1,0.03512781244885277
2022-11-11,7.667131812964636,-0.01704461965089077,0,-0.0
2022-11-12,5.741608102772656,0.005392778625899597,1,0.005392778625899597
2022-11-13,4.318542985470654,-0.021028018747472954,0,-0.0
2022-11-14,3.6344518027222694,0.049624561528853306,1,0.049624561528853306
2022-11-15,3.2443746393265056,0.008999890725849058,0,0.0
2022-11-16,3.028746679877674,-0.02423207585137488,0,-0.0
2022-11-17,2.9161961176525413,0.01813672881612849,0,0.0
2022-11-18,2.790001463651928,-0.010508788291330284,0,-0.0
2022-11-19,2.741218879478643,0.0040509854830157455,0,0.0
2022-11-20,2.7109846072767887,-0.008227692720411683,0,-0.0
2022-11-21,2.9622261927803177,-0.019813657197735868,0,-0.0
2022-11-22,3.167436127097102,0.043615779165097734,0,0.0
2022-11-23,3.180827112979282,0.011672120569663935,0,0.0
2022-11-24,3.183780999174595,-0.018329851009274534,0,-0.0
2022-11-25,2.878299362868642,0.014728437001633843,0,0.0
2022-11-26,2.7561138230053484,-0.01108151977876648,0,-0.0
2022-11-27,2.702156871684976,-0.013243444050620612,0,-0.0
2022-11-28,2.6694781034384754,0.013739034262106209,0,0.0
2022-11-29,2.732661167622322,0.025201093560145882,0,0.0
2022-11-30,2.7880579387148368,0.015996515152862045,0,0.0
2022-12-01,3.604772992727588,-0.012289322360487964,0,-0.0
2022-12-02,3.080764535188333,0.005190136673008494,0,0.0
2022-12-03,2.854278906563112,-0.007611325850302664,0,-0.0
2022-12-04,2.7512530192980322,0.014673083352231053,0,0.0
2022-12-05,2.7651124507618694,-0.020510723111574536,0,-0.0
2022-12-06,2.6943314372233,0.0022173001165699535,0,0.0
2022-12-07,2.674500285301993,-0.013193582952973126,0,-0.0
2022-12-08,2.7076390483533737,0.024400557128906986,0,0.0
2022-12-09,2.9434762397679606,-0.004162834768553392,0,-0.0
2022-12-10,2.7305931638066925,-0.0019752942547489605,0,-0.0
2022-12-11,2.6375189841508067,-0.009275406420805044,0,-0.0
2022-12-12,2.593401954598358,0.014043645017375983,0,0.0
2022-12-13,2.5912709974799544,0.03477409620136407,0,0.0
2022-12-14,3.2019970241549993,-0.0037576643978173285,0,-0.0
2022-12-15,2.798391012860853,-0.017935677741634626,0,-0.0
2022-12-16,2.956194018912787,-0.03983683787199821,0,-0.0
2022-12-17,3.497996468588943,0.004000047861775213,1,0.004000047861775213
2022-12-18,2.9862182232108307,-0.0014484244427149795,0,-0.0
2022-12-19,2.6845771293863963,0.004473757723198801,0,0.0
2022-12-20,2.7525197571917066,-0.00030891018391754343,0,-0.0
2022-12-21,3.071167283237587,0.0016654770402093622,0,0.0
2022-12-22,2.728455933423861,-5.345402063317017e-06,0,-0.0
2022-12-23,2.5676412108488598,-0.00046266792499671805,0,-0.0
2022-12-24,2.5014812687379857,0.0004813114489137238,0,0.0
2022-12-25,2.4760121642162565,0.002935530077444737,0,0.0
2022-12-26,2.446672874169232,-0.0003776712247677283,0,-0.0
2022-12-27,2.446744299667369,-0.013699465640899411,0,-0.0
2022-12-28,2.513568126377198,-0.0054784569063078825,0,-0.0
2022-12-29,2.505504775960068,0.0022603814582327075,0,0.0
2022-12-30,2.4623120441763517,-0.0024359472341912713,0,-0.0
2022-12-31,2.4056535268507324,-0.0006136452948823923,0,-0.0
2023-01-01,2.3626923088497827,0.0011074330424316603,0,0.0
2023-01-02,2.3374037104354457,0.002679177912561448,0,0.0
2023-01-03,2.312337375117437,0.010403682040464046,0,0.0
2023-01-04,2.2614009830466677,-0.0016571767497033374,0,-0.0
2023-01-05,2.3343923627952683,-0.0011106953428010602,0,-0.0
2023-01-06,2.2572972137396907,0.007149738917369586,0,0.0
2023-01-07,2.235569400171028,0.0003465887284856972,0,0.0
2023-01-08,2.1585711691175287,0.004929117321043286,0,0.0
2023-01-09,2.138577113564418,-0.00037966813289780355,0,-0.0
2023-01-10,2.0805077759921127,0.01139471258854119,0,0.0
2023-01-11,2.178688867084208,0.04617710287915533,0,0.0
2023-01-12,2.641297488356938,0.033373135803282494,0,0.0
2023-01-13,4.054571831763692,0.1102059638074484,1,0.1102059638074484
2023-01-14,4.613231289827486,0.0028414691802520764,1,0.0028414691802520764
2023-01-15,4.783025294437844,0.013286129522162238,1,0.013286129522162238
2023-01-16,3.569514535919117,0.000141323783185765,1,0.000141323783185765
2023-01-17,2.987834252355661,0.005829845633853692,0,0.0
2023-01-18,2.525089829300908,-0.022466420171857182,0,-0.0
2023-01-19,2.7014697249972253,0.008892936350988645,0,0.0
2023-01-20,2.6341463439572115,0.07669824756950905,0,0.0
2023-01-21,5.066605925804986,0.008177568026217719,1,0.008177568026217719
2023-01-22,3.753859462885889,0.0020466823187161864,1,0.0020466823187161864
2023-01-23,3.0011989901094664,0.014651101437805014,0,0.0
2023-01-24,2.619085471566462,-0.019353122225433617,0,-0.0
2023-01-25,2.5089517677452364,0.024279797571887585,0,0.0
2023-01-26,2.6040769113705875,-0.016125031758746577,0,-0.0
2023-01-27,2.3870001851050087,0.012725412064302777,0,0.0
2023-01-28,2.2511546152340154,-0.0029885730267321664,0,-0.0
2023-01-29,2.186735044840827,-0.0010385632955053348,0,-0.0
2023-01-30,2.843433043469425,-0.036113977032062095,0,-0.0
2023-01-31,3.4989099789839937,0.012049831808896405,1,0.012049831808896405
2023-02-01,2.893343270921172,0.032409592520171726,0,0.0
2023-02-02,2.8668080285517563,-0.015198274779113174,0,-0.0
2023-02-03,2.5974470143876722,-0.007021059349074599,0,-0.0
2023-02-04,2.3408609484994902,-0.0003299764302550079,0,-0.0
2023-02-05,2.2063739291661824,-0.002562309418154829,0,-0.0
2023-02-06,2.3647211543772233,-0.0002347277267646941,0,-0.0
2023-02-07,2.271631898156987,0.016430017978188438,0,0.0
2023-02-08,2.4827587392892636,-0.029130214290292167,0,-0.0
2023-02-09,2.4353603068215333,-0.03446349261487103,0,-0.0
2023-02-10,3.7846744581223994,-0.004681566732516851,0,-0.0
2023-02-11,3.005521215381036,0.008102637403172297,0,0.0
2023-02-12,2.574555496404162,0.0023356123525903882,0,0.0
2023-02-13,2.3022252485451875,-0.005583254630928791,0,-0.0
2023-02-14,2.151092087524854,0.01693120475132659,0,0.0
2023-02-15,2.341274713712215,0.11606738520061599,0,0.0
2023-02-16,6.102666400804492,-0.03403400559996761,0,-0.0
2023-02-17,4.275502499415686,0.034737421390253154,1,0.034737421390253154
2023-02-18,3.8797205461400894,0.00021761310095835817,1,0.00021761310095835817
2023-02-19,3.250096154727361,0.008639341770712905,0,0.0
2023-02-20,2.876974994921312,0.016934936212733787,0,0.0
2023-02-21,2.711224583842151,-0.029739209698371627,0,-0.0
2023-02-22,2.6109288747371218,0.0150815464856362,0,0.0
2023-02-23,2.4866417487602703,-0.02351283624938072,0,-0.0
2023-02-24,2.553334691699786,-0.03416596508108316,0,-0.0
2023-02-25,2.955487856634325,0.0013870854903852425,0,0.0
2023-02-26,2.4823836506942096,-0.002688392283681673,0,-0.0
2023-02-27,2.558929116088742,-0.00348582858115587,0,-0.0
2023-02-28,2.457157832178218,0.015908780321147953,0,0.0
2023-03-01,2.56822657094866,-0.010941136927019812,0,-0.0
2023-03-02,2.627070349141743,-0.04899322871974365,0,-0.0
2023-03-03,2.4576157814048427,-0.0016582384789950444,0,-0.0
2023-03-04,3.2740039300712396,0.0001279759441021877,0,0.0
2023-03-05,2.4581716813873373,-0.003909149388886202,0,-0.0
2023-03-06,2.4571574047494176,0.005856229018163184,0,0.0
2023-03-07,2.4492235202885766,-0.01493465061416055,0,-0.0
2023-03-08,2.486499959521026,-0.01812327876731168,0,-0.0
2023-03-09,2.6622783052564247,-0.08556885043035833,0,-0.0
2023-03-10,3.8055268822472046,0.027672323148981937,1,0.027672323148981937
2023-03-11,2.508196240876295,0.009422393151765407,0,0.0
2023-03-12,2.657041356036361,0.004897816980719449,0,0.0
2023-03-13,4.269647533341532,0.09824303332073137,1,0.09824303332073137
2023-03-14,5.343491173795412,0.011929961946480327,1,0.011929961946480327
2023-03-15,2.7190296533365133,-0.019449121434989003,0,-0.0
2023-03-16,2.5909513687967713,0.06227539986020303,0,0.0
2023-03-17,2.8293681489635527,0.05901650125437374,0,0.0
2023-03-18,5.7352669960472085,-0.010694118509826933,0,-0.0
2023-03-19,2.6619486243607873,-0.0249161117179858,0,-0.0
2023-03-20,3.2592979316733555,0.019242992720873042,0,0.0
2023-03-21,2.5648041248898887,0.0130822178662644,0,0.0
2023-03-22,2.5991427886685146,-0.02884603812108888,0,-0.0
2023-03-23,2.9894671684385226,0.030343149298267758,0,0.0
2023-03-24,3.152487865830712,-0.02280826245030887,0,-0.0
2023-03-25,2.964567388529593,-0.004650101750396485,0,-0.0
2023-03-26,2.6484187874723104,-0.0029447831723001805,0,-0.0
2023-03-27,2.6474846849236404,-0.03325439161801613,0,-0.0
2023-03-28,2.9478785143541364,0.01525611646309355,0,0.0
2023-03-29,2.4641902297436156,0.04082031392656549,0,0.0
2023-03-30,3.201482818707977,-0.011236570273315483,0,-0.0
2023-03-31,2.685643933724501,0.013071816578733575,0,0.0
2023-04-01,2.5670696113499814,-0.0027230185083996217,0,-0.0
2023-04-02,2.3958076898905456,-0.01488239463551233,0,-0.0
2023-04-03,2.315436514041658,0.003943855806262331,0,0.0
2023-04-04,2.4118597078441106,0.024877605811749914,0,0.0
2023-04-05,2.4785087039591733,-0.013952918097106415,0,-0.0
2023-04-06,2.247117885906876,-0.003029732246302097,0,-0.0
2023-04-07,2.1850910825178866,-0.00030086981320398554,0,-0.0
2023-04-08,2.1690891792218854,-0.0029065309572293696,0,-0.0
2023-04-09,2.144789488261425,-0.001705579085380604,0,-0.0
2023-04-10,2.233662872257681,0.06529886617468272,0,0.0
2023-04-11,3.224032868747053,-0.0059837738290777764,0,-0.0
2023-04-12,2.818530766811535,0.0040333620476658005,0,0.0
2023-04-13,2.493919519145351,0.020240051795408,0,0.0
2023-04-14,2.3537561011597448,-0.011589872775027543,0,-0.0
2023-04-15,2.260976771089304,-0.0025915290975532246,0,-0.0
2023-04-16,2.2345311014771103,-0.010302116697068597,0,-0.0
2023-04-17,2.1908023644613834,-0.017523490693750587,0,-0.0
2023-04-18,2.897928200444766,0.025246861442125512,0,0.0
2023-04-19,3.015542823185377,-0.044579397850928015,0,-0.0
2023-04-20,3.9719849185766067,-0.01830478876557884,0,-0.0
2023-04-21,2.6222102307217314,-0.03542747188730211,0,-0.0
2023-04-22,3.127409443438766,0.018350611839574427,0,0.0
2023-04-23,2.632336464979363,0.007206350460435829,0,0.0
2023-04-24,2.5790691910344052,-0.01595794635490333,0,-0.0
2023-04-25,2.407728792251534,0.03548745799005326,0,0.0
2023-04-26,2.5718358626611924,0.0201390899142162,0,0.0
2023-04-27,2.3321809152380357,0.018556628966737154,0,0.0
2023-04-28,3.614279938663822,-0.0021896654585285003,0,-0.0
2023-04-29,2.460845971797059,-0.004096065155696493,0,-0.0
2023-04-30,2.2145604370710665,-0.02295514150991773,0,-0.0
2023-05-01,2.0780333999150056,-0.01901080835286295,0,-0.0
2023-05-02,2.985073086516908,0.01744673658626339,0,0.0
2023-05-03,2.732220745973615,0.02028926688634347,0,0.0
2023-05-04,2.4334132827136066,0.003546261310299448,0,0.0
2023-05-05,2.179389297990081,0.006122798308827226,0,0.0
2023-05-06,2.400719410785237,-0.01655505540979163,0,-0.0
2023-05-07,2.502792594337509,-0.007996437286549751,0,-0.0
2023-05-08,2.3954526967144822,-0.021108908086673317,0,-0.0
2023-05-09,2.673515897971659,0.0018428709288647038,0,0.0
2023-05-10,2.2872022462292256,-0.008339224247798205,0,-0.0
2023-05-11,2.0880602461597593,-0.03143845420802849,0,-0.0
2023-05-12,2.3703213724422096,0.007458212823498567,0,0.0
2023-05-13,2.173433997439574,-0.001315358752169038,0,-0.0
2023-05-14,2.0068329444880244,0.012143343589560818,0,0.0
2023-05-15,1.8953644747925318,-0.0038231078534107787,0,-0.0
2023-05-16,1.8541624091275322,-0.00259958055824816,0,-0.0
2023-05-17,1.852693065302871,0.009772702114313025,0,0.0
2023-05-18,1.887565028198893,-0.01932722660108066,0,-0.0
2023-05-19,2.6559547108562165,0.00033865505563612786,0,0.0
2023-05-20,1.693248420838932,0.008920933233657946,0,0.0
2023-05-21,1.863619806565235,-0.0036834333352024906,0,-0.0
2023-05-22,2.1170449132159055,0.026556909806862983,0,0.0
2023-05-23,1.6661692760729647,-0.022400102178593673,0,-0.0
2023-05-24,2.0892997005119796,-0.023398373377107817,0,-0.0
2023-05-25,3.5001844689845694,0.009507864996945559,1,0.009507864996945559
2023-05-26,1.762217844941037,0.012200966076866271,0,0.0
2023-05-27,1.854376338442896,0.004189963443848921,0,0.0
2023-05-28,1.7179502517562708,-0.0038198327082126227,0,-0.0
2023-05-29,4.4065314047150554,-0.0046812605467824175,0,-0.0
2023-05-30,2.056772382933074,-0.006195708955089696,0,-0.0
2023-05-31,1.697995032074913,-0.0319843622848216,0,-0.0
2023-06-01,2.3588297541811656,0.008187139306445212,0,0.0
2023-06-02,2.166925444513081,0.005754969906681451,0,0.0
2023-06-03,2.1998736782015067,-0.0026299311208516363,0,-0.0
2023-06-04,1.7888909648881157,-0.009914617774708478,0,-0.0
2023-06-05,1.6636221231824249,-0.041384711464446444,0,-0.0
2023-06-06,4.732590521137295,0.04552870794810038,1,0.04552870794810038
2023-06-07,5.35057947477406,-0.020882896582170463,0,-0.0
2023-06-08,3.368197389150555,0.005258451665891117,1,0.005258451665891117
2023-06-09,1.8421335428694106,-0.007025314067982125,0,-0.0
2023-06-10,1.768199342826677,-0.01770823281622913,0,-0.0
2023-06-11,2.703947170691972,-0.005324446147718986,0,-0.0
2023-06-12,1.797837216865103,0.010197689500570206,0,0.0
2023-06-13,1.7673185129772038,-0.002949635152466934,0,-0.0
2023-06-14,1.7489977943514894,-0.03657282412214913,0,-0.0
2023-06-15,3.144729847324817,0.019231536910211844,0,0.0
2023-06-16,2.351082504923942,0.028007280193041773,0,0.0
2023-06-17,3.069861432054648,0.00987450937960288,0,0.0
2023-06-18,1.8862839722503473,0.0021794880557219898,0,0.0
2023-06-19,1.8763200315179176,0.018793507084458483,0,0.0
2023-06-20,2.415324717534903,0.06747014029487053,0,0.0
2023-06-21,5.010889047135657,0.05540777609484149,1,0.05540777609484149
2023-06-22,5.444299301557968,-0.010224948875255602,0,-0.0
2023-06-23,1.855783152682986,0.023424215186923725,0,0.0
2023-06-24,2.819107939412104,-0.005884535277271508,0,-0.0
2023-06-25,1.9053740211344468,-0.00638577648994898,0,-0.0
2023-06-26,1.8602953805341407,0.0019748647578836653,0,0.0
2023-06-27,1.933577095211011,0.002634985389723621,0,0.0
2023-06-28,2.148703718615712,-0.00958762697038873,0,-0.0
2023-06-29,2.478794957559966,0.018595137217459312,0,0.0
2023-06-30,2.082635778678171,-0.011228534759984643,0,-0.0
2023-07-01,1.8656434960470023,0.006472746417465869,0,0.0
2023-07-02,1.8703374193170172,0.004431353211832967,0,0.0
2023-07-03,1.8410894331577337,0.014458172123418933,0,0.0
2023-07-04,2.3290386128676266,-0.010562572271749504,0,-0.0
2023-07-05,2.090312807773294,-0.012250289413897164,0,-0.0
2023-07-06,1.9483864558317838,-0.011901468013821304,0,-0.0
2023-07-07,2.470062111974623,0.004525984265552729,0,0.0
2023-07-08,2.185279467817486,-0.0002742574257426078,0,-0.0
2023-07-09,1.8169476552828736,-4.5087217243389155e-05,0,-0.0
2023-07-10,1.8400968606481358,0.010299781892431303,0,0.0
2023-07-11,1.9313282353202128,0.003753690204577831,0,0.0
2023-07-12,1.8895945386585082,-0.009697075482059003,0,-0.0
2023-07-13,1.898416628776022,0.03870959224223869,0,0.0
2023-07-14,3.6274547050022177,-0.03703536579204181,0,-0.0
2023-07-15,3.7049925462065456,5.4455445544610015e-05,1,5.4455445544610015e-05
2023-07-16,1.7575145491752187,0.0026005892993554713,0,0.0
2023-07-17,1.701019692582232,-0.00788081508203231,0,-0.0
2023-07-18,1.6754512048688306,-0.0003347861790158335,0,-0.0
2023-07-19,1.8382984750385138,-0.004168536673747725,0,-0.0
2023-07-20,1.6419928874815475,-0.0016634557274363138,0,-0.0
2023-07-21,1.678506497231315,0.00010500934716972665,0,0.0
2023-07-22,1.6786999619236125,-0.0032821733201422454,0,-0.0
2023-07-23,1.669091829536833,-0.012114060048400432,0,-0.0
2023-07-24,1.8751105182279857,-0.019830578665436582,0,-0.0
2023-07-25,3.0918271586203576,0.004311236144172836,0,0.0
2023-07-26,1.6579625612104378,0.005590610155232101,0,0.0
2023-07-27,1.679770909628258,-0.0053928825649401935,0,-0.0
2023-07-28,1.6760515764409458,0.004365532569669872,0,0.0
2023-07-29,1.6687022022701434,-0.0006158549455637097,0,-0.0
2023-07-30,1.6145980599358436,0.004914265886067248,0,0.0
2023-07-31,1.613020401238652,-0.02025186965040382,0,-0.0
2023-08-01,1.5927963986775255,0.02742805084636979,0,0.0
2023-08-02,2.1200663606645427,-0.01530539544903553,0,-0.0
2023-08-03,2.2293389375358363,0.00019768950392307083,0,0.0
2023-08-04,1.6002374171999967,-0.0030824556015557336,0,-0.0
2023-08-05,1.6142499173444362,6.197216072822975e-05,0,0.0
2023-08-06,1.5897578248633994,0.002339875227315824,0,0.0
2023-08-07,1.5819815746734445,0.0020001394806987705,0,0.0
2023-08-08,1.6405427723348907,0.018822149515402176,0,0.0
2023-08-09,2.4275777216482903,-0.004834946553320396,0,-0.0
2023-08-10,1.7215038076149667,-0.006101047972577378,0,-0.0
2023-08-11,1.6065381729089976,8.613645648902768e-05,0,0.0
2023-08-12,1.557760119182306,0.0016500672489230261,0,0.0
2023-08-13,1.5512299309755164,0.0016462561828414213,0,0.0
2023-08-14,1.5863843850739952,-0.000978530842774994,0,-0.0
2023-08-15,1.5973040387401323,-0.005731609694616169,0,-0.0
2023-08-16,1.5114665598737551,-0.01931497068682453,0,-0.0
2023-08-17,2.107135746231006,-0.07771916825010217,0,-0.0
2023-08-18,7.06457782303783,-0.01661841773297945,0,-0.0
2023-08-19,2.7593448517018118,0.0057043979590263305,0,0.0
2023-08-20,1.5946560313793874,-0.003918385176269967,0,-0.0
2023-08-21,1.6133467221297058,-0.001106722399048965,0,-0.0
2023-08-22,1.551856487883901,-0.0014375168068840871,0,-0.0
2023-08-23,1.5570269207296659,0.017432887520446583,0,0.0
2023-08-24,2.163690252578891,-0.012379871358304984,0,-0.0
2023-08-25,1.806794690036586,-0.00026915836250496206,0,-0.0
2023-08-26,1.5605143410982656,-0.002094443719738215,0,-0.0
2023-08-27,1.504677959840745,-0.003552544233372479,0,-0.0
2023-08-28,1.5236270867764297,0.0025582274649238457,0,0.0
2023-08-29,1.483823734193823,0.050516258697002936,0,0.0
2023-08-30,6.003284915439636,-0.006749066432073181,0,-0.0
2023-08-31,2.1624567836505153,-0.04187538267153057,0,-0.0
2023-09-01,4.863551987114689,-0.010962160810323085,0,-0.0
2023-09-02,1.8121437015583717,0.0031720302932769506,0,0.0
2023-09-03,1.6777908521311422,0.0004663180512447518,0,0.0
2023-09-04,1.6965390741890694,-0.0123428870325073,0,-0.0
2023-09-05,1.73964040090322,0.003688657087324243,0,0.0
2023-09-06,1.654790922460004,0.002151506578510709,0,0.0
2023-09-07,1.6484259479138006,0.017297674418604636,0,0.0
2023-09-08,2.374662026303586,-0.014246209367575147,0,-0.0
2023-09-09,2.0285486980685707,0.0006956978815999548,0,0.0
2023-09-10,1.678947084643382,-0.0039664335815934315,0,-0.0
2023-09-11,1.6874484964426764,0.0021383247005064554,0,0.0
2023-09-12,2.8139793098264625,0.0033582552584228154,0,0.0
2023-09-13,2.889266708079138,0.015346025709404909,0,0.0
2023-09-14,2.1751569631004375,0.013258987192418248,0,0.0
2023-09-15,2.001233161288276,-0.00029553024584960674,0,-0.0
2023-09-16,1.74188640562595,-0.002583103402969411,0,-0.0
2023-09-17,1.727378869956104,0.004611762046490497,0,0.0
2023-09-18,1.7207937350966156,0.0060805365452847315,0,0.0
2023-09-19,1.8577638245335708,0.010995044644421359,0,0.0
